step,loss,class_acc,lr,min_lr,weight_decay,grad_norm,test_acc1,test_acc5,test_loss,test_f1,test_auc,test_recall
0,3.3112025260925293,0.03125,0.0,0.0,0.0006000000284984708,,2.1186442375183105,19.06779670715332,3.29365873336792,0.00229042605496943,0.5076016187667847,0.02118644118309021
1,3.3057477474212646,0.03125,0.0,0.0,0.0006000000284984708,0.6925373077392578,1.6949154138565063,19.491525650024414,3.29378080368042,0.002325940877199173,0.5566123127937317,0.016949152573943138
2,3.3113555908203125,0.0546875,3.3519552289362764e-06,3.3519552289362764e-06,0.0006000000284984708,,4.237287998199463,24.152542114257812,3.291926622390747,0.013926412910223007,0.6452931761741638,0.04237288236618042
3,3.291337490081787,0.0625,3.3519552289362764e-06,3.3519552289362764e-06,0.0006000000284984708,0.7049057483673096,10.593220710754395,31.7796630859375,3.2828330993652344,0.04958219453692436,0.731598973274231,0.10593220591545105
4,3.2804903984069824,0.0390625,6.703910457872553e-06,6.703910457872553e-06,0.0006000000284984708,,14.406780242919922,48.30508804321289,3.2398219108581543,0.07083281129598618,0.7971329092979431,0.14406779408454895
5,3.3292484283447266,0.015625,6.703910457872553e-06,6.703910457872553e-06,0.0006000000284984708,0.6778461337089539,19.06779670715332,57.203392028808594,3.157257556915283,0.1128876581788063,0.8499501347541809,0.1906779706478119
6,3.2825562953948975,0.0390625,1.0055866368929856e-05,1.0055866368929856e-05,0.0006000000284984708,,26.694915771484375,54.66101837158203,3.063143253326416,0.1859106421470642,0.8736617565155029,0.2669491469860077
7,3.287074089050293,0.015625,1.0055866368929856e-05,1.0055866368929856e-05,0.0006000000284984708,0.7888165712356567,28.813560485839844,55.50847625732422,2.998806953430176,0.1970527470111847,0.8968787789344788,0.2881355881690979
8,3.3022079467773438,0.015625,1.3407820915745106e-05,1.3407820915745106e-05,0.0006000000284984708,,31.355932235717773,63.559322357177734,2.8474974632263184,0.22512514889240265,0.9124529361724854,0.31355932354927063
9,3.3059444427490234,0.0234375,1.3407820915745106e-05,1.3407820915745106e-05,0.0006000000284984708,0.6825823783874512,38.98305130004883,75.84746551513672,2.5499045848846436,0.30537518858909607,0.9341610074043274,0.38983049988746643
10,3.3224332332611084,0.03125,1.675977728154976e-05,1.675977728154976e-05,0.0006000000284984708,,38.98305130004883,77.54237365722656,2.4901983737945557,0.3099091053009033,0.9338465332984924,0.38983049988746643
11,3.319211959838867,0.046875,1.675977728154976e-05,1.675977728154976e-05,0.0006000000284984708,0.8240574598312378,42.37288284301758,80.50847625732422,2.298501491546631,0.3223715126514435,0.9443573355674744,0.4237288236618042
12,3.322118043899536,0.046875,2.011173273785971e-05,2.011173273785971e-05,0.0006000000284984708,,47.88135528564453,84.32203674316406,2.07930850982666,0.4171120524406433,0.9581067562103271,0.4788135588169098
13,3.287698268890381,0.0546875,2.011173273785971e-05,2.011173273785971e-05,0.0006000000284984708,0.9554459452629089,49.15254211425781,86.01695251464844,1.7865164279937744,0.4309467673301697,0.9631956815719604,0.49152541160583496
14,3.3085455894470215,0.046875,2.346368637518026e-05,2.346368637518026e-05,0.0006000000284984708,,60.593223571777344,91.94915771484375,1.5955955982208252,0.5698252320289612,0.9697063565254211,0.6059321761131287
15,3.292555093765259,0.0234375,2.346368637518026e-05,2.346368637518026e-05,0.0006000000284984708,0.75206059217453,46.610172271728516,84.32203674316406,1.654691219329834,0.39929068088531494,0.9605640769004822,0.4661017060279846
16,3.319317579269409,0.03125,2.681564183149021e-05,2.681564183149021e-05,0.0006000000284984708,,57.62711715698242,91.52542877197266,1.402612328529358,0.5229713320732117,0.9681296348571777,0.5762711763381958
17,3.3074440956115723,0.046875,2.681564183149021e-05,2.681564183149021e-05,0.0006000000284984708,0.8190325498580933,60.169490814208984,91.94915008544922,1.3315637111663818,0.5903055667877197,0.9711472392082214,0.6016949415206909
18,3.284351348876953,0.0546875,3.0167597287800163e-05,3.0167597287800163e-05,0.0006000000284984708,,62.28813934326172,94.06779479980469,1.2255815267562866,0.6086030602455139,0.9772961735725403,0.6228813529014587
19,3.313350200653076,0.0390625,3.0167597287800163e-05,3.0167597287800163e-05,0.0006000000284984708,0.7165766954421997,65.25423431396484,94.06780242919922,1.1749041080474854,0.6359875798225403,0.9769012928009033,0.6525423526763916
20,3.3315937519073486,0.0234375,3.351955456309952e-05,3.351955456309952e-05,0.0006000000284984708,,58.47457504272461,92.37288665771484,1.2480180263519287,0.5563639402389526,0.9749751091003418,0.5847457647323608
21,3.300055980682373,0.03125,3.351955456309952e-05,3.351955456309952e-05,0.0006000000284984708,0.9224506616592407,64.83051300048828,96.18643951416016,1.0243284702301025,0.6454235911369324,0.982628583908081,0.6483050584793091
22,3.3090033531188965,0.0390625,3.687150820042007e-05,3.687150820042007e-05,0.0006000000284984708,,65.67797088623047,94.9152603149414,1.0034300088882446,0.6417260766029358,0.9798428416252136,0.6567796468734741
23,3.3247671127319336,0.0234375,3.687150820042007e-05,3.687150820042007e-05,0.0006000000284984708,0.7491288185119629,68.22034454345703,96.61017608642578,0.9230844974517822,0.6782072186470032,0.9821940660476685,0.6822034120559692
24,3.3000993728637695,0.0234375,4.022346547571942e-05,4.022346547571942e-05,0.0006000000284984708,,67.79661560058594,97.45763397216797,0.8987410068511963,0.6747502684593201,0.9818979501724243,0.6779661178588867
25,3.3155722618103027,0.046875,4.022346547571942e-05,4.022346547571942e-05,0.0006000000284984708,0.7741288542747498,72.03390502929688,97.03389739990234,0.8685332536697388,0.722222089767456,0.9846566915512085,0.7203390002250671
26,3.286120653152466,0.0234375,4.357541911303997e-05,4.357541911303997e-05,0.0006000000284984708,,66.10169982910156,93.64407348632812,1.0969274044036865,0.6526497602462769,0.9742034673690796,0.6567796468734741
27,3.3041205406188965,0.015625,4.357541911303997e-05,4.357541911303997e-05,0.0006000000284984708,0.6461836695671082,66.52542114257812,96.18643951416016,0.9516722559928894,0.6528762578964233,0.9802218675613403,0.6652542352676392
28,3.2944326400756836,0.078125,4.692737275036052e-05,4.692737275036052e-05,0.0006000000284984708,,68.64407348632812,98.30509185791016,0.8039032220840454,0.6799280643463135,0.9814538955688477,0.6864407062530518
29,3.2959253787994385,0.0390625,4.692737275036052e-05,4.692737275036052e-05,0.0006000000284984708,0.7513571381568909,71.18644714355469,97.88136291503906,0.8569209575653076,0.7065609097480774,0.9858921766281128,0.7118644118309021
30,3.2873706817626953,0.0703125,5.0279330025659874e-05,5.0279330025659874e-05,0.0006000000284984708,,73.72881317138672,98.30509185791016,0.6880191564559937,0.7313612699508667,0.9881715774536133,0.7372881174087524
31,3.283552646636963,0.0546875,5.0279330025659874e-05,5.0279330025659874e-05,0.0006000000284984708,0.6656180024147034,67.37287902832031,95.7627182006836,0.8064360022544861,0.6697236895561218,0.9802544713020325,0.6737288236618042
32,3.2932815551757812,0.0546875,5.363128366298042e-05,5.363128366298042e-05,0.0006000000284984708,,71.61016845703125,97.88136291503906,0.8668112754821777,0.7131072282791138,0.9810786843299866,0.7161017060279846
33,3.2955803871154785,0.078125,5.363128366298042e-05,5.363128366298042e-05,0.0006000000284984708,0.7165409326553345,70.3389892578125,97.88136291503906,0.9588240385055542,0.6930447816848755,0.9780189990997314,0.7033898234367371
34,3.296766757965088,0.0234375,5.698324093827978e-05,5.698324093827978e-05,0.0006000000284984708,,70.3389892578125,99.57627868652344,0.7599332332611084,0.709299623966217,0.9884095191955566,0.7033898234367371
35,3.310250759124756,0.0625,5.698324093827978e-05,5.698324093827978e-05,0.0006000000284984708,0.6843727231025696,72.03390502929688,97.88136291503906,0.8291856050491333,0.7220418453216553,0.98614501953125,0.7203390002250671
36,3.308297634124756,0.0625,6.0335194575600326e-05,6.0335194575600326e-05,0.0006000000284984708,,68.22034454345703,96.61017608642578,0.9929603338241577,0.6721400618553162,0.9836704730987549,0.6822034120559692
37,3.3000388145446777,0.0625,6.0335194575600326e-05,6.0335194575600326e-05,0.0006000000284984708,0.7420816421508789,73.30508422851562,99.15254211425781,0.6874821186065674,0.7332141995429993,0.985072910785675,0.7330508232116699
38,3.284649133682251,0.046875,6.368714821292087e-05,6.368714821292087e-05,0.0006000000284984708,,67.37287902832031,98.30509185791016,0.9138988256454468,0.6769346594810486,0.9851994514465332,0.6737288236618042
39,3.2936654090881348,0.0625,6.368714821292087e-05,6.368714821292087e-05,0.0006000000284984708,0.6226227879524231,68.64407348632812,97.45762634277344,0.8796634078025818,0.6877956390380859,0.9797645807266235,0.6864407062530518
40,3.2827064990997314,0.0625,6.703910912619904e-05,6.703910912619904e-05,0.0006000000284984708,,72.03390502929688,98.30509185791016,0.861137866973877,0.7138383984565735,0.9826094508171082,0.7203390002250671
41,3.2971091270446777,0.0234375,6.703910912619904e-05,6.703910912619904e-05,0.0006000000284984708,0.6848675012588501,72.88135528564453,98.30508422851562,0.8516790866851807,0.7328457236289978,0.984977662563324,0.7288135886192322
42,3.2999582290649414,0.0546875,7.039106276351959e-05,7.039106276351959e-05,0.0006000000284984708,,71.18644714355469,98.72881317138672,0.7935571670532227,0.7124266624450684,0.9830302596092224,0.7118644118309021
43,3.282108783721924,0.078125,7.039106276351959e-05,7.039106276351959e-05,0.0006000000284984708,0.6257308721542358,,,,,,
44,3.285365343093872,0.1015625,7.374301640084013e-05,7.374301640084013e-05,0.0006000000284984708,,,,,,,
45,3.2951459884643555,0.0703125,7.374301640084013e-05,7.374301640084013e-05,0.0006000000284984708,0.6409419775009155,,,,,,
46,3.293020725250244,0.0703125,7.709497003816068e-05,7.709497003816068e-05,0.0006000000284984708,,,,,,,
47,3.2775607109069824,0.0703125,7.709497003816068e-05,7.709497003816068e-05,0.0006000000284984708,0.6452377438545227,,,,,,
48,3.2899539470672607,0.09375,8.044693095143884e-05,8.044693095143884e-05,0.0006000000284984708,,,,,,,
49,3.280423641204834,0.09375,8.044693095143884e-05,8.044693095143884e-05,0.0006000000284984708,0.6183360815048218,,,,,,
50,3.2886054515838623,0.0859375,8.379888458875939e-05,8.379888458875939e-05,0.0006000000284984708,,,,,,,
51,3.2796318531036377,0.0625,8.379888458875939e-05,8.379888458875939e-05,0.0006000000284984708,0.6302051544189453,,,,,,
52,3.2809555530548096,0.125,8.715083822607994e-05,8.715083822607994e-05,0.0006000000284984708,,,,,,,
53,3.2929611206054688,0.109375,8.715083822607994e-05,8.715083822607994e-05,0.0006000000284984708,0.7000418901443481,,,,,,
54,3.2774012088775635,0.09375,9.050279186340049e-05,9.050279186340049e-05,0.0006000000284984708,,,,,,,
55,3.2897701263427734,0.109375,9.050279186340049e-05,9.050279186340049e-05,0.0006000000284984708,0.6327722072601318,,,,,,
56,3.2817444801330566,0.03125,9.385474550072104e-05,9.385474550072104e-05,0.0006000000284984708,,,,,,,
57,3.2819738388061523,0.09375,9.385474550072104e-05,9.385474550072104e-05,0.0006000000284984708,0.6594832539558411,,,,,,
58,3.2736430168151855,0.1015625,9.72067064139992e-05,9.72067064139992e-05,0.0006000000284984708,,,,,,,
59,3.2767419815063477,0.0859375,9.72067064139992e-05,9.72067064139992e-05,0.0006000000284984708,0.6227095127105713,,,,,,
60,3.294236660003662,0.0703125,0.00010055866005131975,0.00010055866005131975,0.0006000000284984708,,,,,,,
61,3.2655136585235596,0.0625,0.00010055866005131975,0.00010055866005131975,0.0006000000284984708,0.6395365595817566,,,,,,
62,3.266752243041992,0.0859375,0.0001039106136886403,0.0001039106136886403,0.0006000000284984708,,,,,,,
63,3.283877372741699,0.078125,0.0001039106136886403,0.0001039106136886403,0.0006000000284984708,0.6608147621154785,,,,,,
64,3.255808115005493,0.125,0.00010726256732596084,0.00010726256732596084,0.0006000000284984708,,,,,,,
65,3.2802860736846924,0.09375,0.00010726256732596084,0.00010726256732596084,0.0006000000284984708,0.6877138018608093,,,,,,
66,3.2676401138305664,0.109375,0.00011061452823923901,0.00011061452823923901,0.0006000000284984708,,,,,,,
67,3.2581162452697754,0.1328125,0.00011061452823923901,0.00011061452823923901,0.0006000000284984708,0.6975049376487732,,,,,,
68,3.2782790660858154,0.0703125,0.00011396648187655956,0.00011396648187655956,0.0006000000284984708,,,,,,,
69,3.248504161834717,0.1015625,0.00011396648187655956,0.00011396648187655956,0.0006000000284984708,0.6320842504501343,,,,,,
70,3.2527713775634766,0.09375,0.0001173184355138801,0.0001173184355138801,0.0006000000284984708,,,,,,,
71,3.259723424911499,0.1171875,0.0001173184355138801,0.0001173184355138801,0.0006000000284984708,0.7464582920074463,,,,,,
72,3.2544407844543457,0.109375,0.00012067038915120065,0.00012067038915120065,0.0006000000284984708,,,,,,,
73,3.2487573623657227,0.1328125,0.00012067038915120065,0.00012067038915120065,0.0006000000284984708,0.7961207628250122,,,,,,
74,3.2584152221679688,0.0546875,0.00012402235006447881,0.00012402235006447881,0.0006000000284984708,,,,,,,
75,3.257244110107422,0.09375,0.00012402235006447881,0.00012402235006447881,0.0006000000284984708,0.6783158183097839,,,,,,
76,3.2442355155944824,0.125,0.00012737429642584175,0.00012737429642584175,0.0006000000284984708,,,,,,,
77,3.2566075325012207,0.09375,0.00012737429642584175,0.00012737429642584175,0.0006000000284984708,0.6751890778541565,,,,,,
78,3.2465386390686035,0.1015625,0.0001307262573391199,0.0001307262573391199,0.0006000000284984708,,,,,,,
79,3.241302251815796,0.1171875,0.0001307262573391199,0.0001307262573391199,0.0006000000284984708,0.7981698513031006,,,,,,
80,3.2361679077148438,0.1171875,0.00013407821825239807,0.00013407821825239807,0.0006000000284984708,,,,,,,
81,3.2602691650390625,0.0703125,0.00013407821825239807,0.00013407821825239807,0.0006000000284984708,0.7204557061195374,,,,,,
82,3.2130844593048096,0.1171875,0.000137430164613761,0.000137430164613761,0.0006000000284984708,,,,,,,
83,3.2299232482910156,0.1015625,0.000137430164613761,0.000137430164613761,0.0006000000284984708,0.8254712224006653,,,,,,
84,3.218438148498535,0.109375,0.00014078212552703917,0.00014078212552703917,0.0006000000284984708,,,,,,,
85,3.2301294803619385,0.1328125,0.00014078212552703917,0.00014078212552703917,0.0006000000284984708,0.8644117116928101,,,,,,
86,3.2423806190490723,0.1171875,0.0001441340718884021,0.0001441340718884021,0.0006000000284984708,,,,,,,
87,3.1837761402130127,0.140625,0.0001441340718884021,0.0001441340718884021,0.0006000000284984708,0.7890310287475586,,,,,,
88,3.2052526473999023,0.1796875,0.00014748603280168027,0.00014748603280168027,0.0006000000284984708,,,,,,,
89,3.223085403442383,0.1015625,0.00014748603280168027,0.00014748603280168027,0.0006000000284984708,0.7661811113357544,,,,,,
90,3.1900510787963867,0.171875,0.00015083799371495843,0.00015083799371495843,0.0006000000284984708,,,,,,,
91,3.194045066833496,0.1171875,0.00015083799371495843,0.00015083799371495843,0.0006000000284984708,0.9353958964347839,,,,,,
92,3.20566987991333,0.109375,0.00015418994007632136,0.00015418994007632136,0.0006000000284984708,,,,,,,
93,3.209402561187744,0.1171875,0.00015418994007632136,0.00015418994007632136,0.0006000000284984708,0.7612106800079346,,,,,,
94,3.1873373985290527,0.15625,0.00015754190098959953,0.00015754190098959953,0.0006000000284984708,,,,,,,
95,3.2314906120300293,0.109375,0.00015754190098959953,0.00015754190098959953,0.0006000000284984708,0.8723907470703125,,,,,,
96,3.21891713142395,0.1328125,0.0001608938619028777,0.0001608938619028777,0.0006000000284984708,,,,,,,
97,3.1991143226623535,0.1015625,0.0001608938619028777,0.0001608938619028777,0.0006000000284984708,0.7332029342651367,,,,,,
98,3.1847147941589355,0.1171875,0.00016424580826424062,0.00016424580826424062,0.0006000000284984708,,,,,,,
99,3.1887950897216797,0.171875,0.00016424580826424062,0.00016424580826424062,0.0006000000284984708,0.8091948628425598,,,,,,
100,3.1590588092803955,0.15625,0.00016759776917751878,0.00016759776917751878,0.0006000000284984708,,,,,,,
101,3.174752950668335,0.140625,0.00016759776917751878,0.00016759776917751878,0.0006000000284984708,1.273421049118042,,,,,,
102,3.129762649536133,0.1796875,0.00017094971553888172,0.00017094971553888172,0.0006000000284984708,,,,,,,
103,3.150693416595459,0.1640625,0.00017094971553888172,0.00017094971553888172,0.0006000000284984708,0.8181013464927673,,,,,,
104,3.1681442260742188,0.1328125,0.00017430167645215988,0.00017430167645215988,0.0006000000284984708,,,,,,,
105,3.122556686401367,0.1484375,0.00017430167645215988,0.00017430167645215988,0.0006000000284984708,0.882312536239624,,,,,,
106,3.119173526763916,0.1875,0.00017765363736543804,0.00017765363736543804,0.0006000000284984708,,,,,,,
107,3.120128631591797,0.15625,0.00017765363736543804,0.00017765363736543804,0.0006000000284984708,0.9877603650093079,,,,,,
108,3.1273794174194336,0.1796875,0.00018100558372680098,0.00018100558372680098,0.0006000000284984708,,,,,,,
109,3.097435712814331,0.1796875,0.00018100558372680098,0.00018100558372680098,0.0006000000284984708,1.0935828685760498,,,,,,
110,3.152763843536377,0.125,0.00018435754464007914,0.00018435754464007914,0.0006000000284984708,,,,,,,
111,3.12587308883667,0.125,0.00018435754464007914,0.00018435754464007914,0.0006000000284984708,0.9636500477790833,,,,,,
112,3.1459639072418213,0.1484375,0.00018770949100144207,0.00018770949100144207,0.0006000000284984708,,,,,,,
113,3.1456093788146973,0.125,0.00018770949100144207,0.00018770949100144207,0.0006000000284984708,0.9894545674324036,,,,,,
114,3.111539840698242,0.1953125,0.00019106145191472024,0.00019106145191472024,0.0006000000284984708,,,,,,,
115,3.120713710784912,0.125,0.00019106145191472024,0.00019106145191472024,0.0006000000284984708,0.861487627029419,,,,,,
116,3.0444867610931396,0.1796875,0.0001944134128279984,0.0001944134128279984,0.0006000000284984708,,,,,,,
117,3.0856893062591553,0.1796875,0.0001944134128279984,0.0001944134128279984,0.0006000000284984708,0.9957166910171509,,,,,,
118,2.9883081912994385,0.2578125,0.00019776535918936133,0.00019776535918936133,0.0006000000284984708,,,,,,,
119,3.0513434410095215,0.203125,0.00019776535918936133,0.00019776535918936133,0.0006000000284984708,1.2136361598968506,,,,,,
120,2.9332966804504395,0.234375,0.0002011173201026395,0.0002011173201026395,0.0006000000284984708,,,,,,,
121,2.979759693145752,0.2265625,0.0002011173201026395,0.0002011173201026395,0.0006000000284984708,1.4206584692001343,,,,,,
122,3.0182721614837646,0.1875,0.00020446928101591766,0.00020446928101591766,0.0006000000284984708,,,,,,,
123,2.953028678894043,0.21875,0.00020446928101591766,0.00020446928101591766,0.0006000000284984708,1.402099370956421,,,,,,
124,2.977625846862793,0.21875,0.0002078212273772806,0.0002078212273772806,0.0006000000284984708,,,,,,,
125,2.9606752395629883,0.234375,0.0002078212273772806,0.0002078212273772806,0.0006000000284984708,1.461669683456421,,,,,,
126,2.930630922317505,0.25,0.00021117318829055876,0.00021117318829055876,0.0006000000284984708,,,,,,,
127,2.8771867752075195,0.3046875,0.00021117318829055876,0.00021117318829055876,0.0006000000284984708,1.4104286432266235,,,,,,
128,3.061372756958008,0.140625,0.0002145251346519217,0.0002145251346519217,0.0006000000284984708,,,,,,,
129,2.9736621379852295,0.2109375,0.0002145251346519217,0.0002145251346519217,0.0006000000284984708,1.2906146049499512,,,,,,
130,2.8815033435821533,0.21875,0.00021787709556519985,0.00021787709556519985,0.0006000000284984708,,,,,,,
131,3.011758804321289,0.1171875,0.00021787709556519985,0.00021787709556519985,0.0006000000284984708,1.407434105873108,,,,,,
132,2.969827651977539,0.2109375,0.00022122905647847801,0.00022122905647847801,0.0006000000284984708,,,,,,,
133,2.9871678352355957,0.15625,0.00022122905647847801,0.00022122905647847801,0.0006000000284984708,1.7825473546981812,,,,,,
134,2.981193780899048,0.1640625,0.00022458100283984095,0.00022458100283984095,0.0006000000284984708,,,,,,,
135,2.924417495727539,0.2265625,0.00022458100283984095,0.00022458100283984095,0.0006000000284984708,1.82120680809021,,,,,,
136,2.8454484939575195,0.234375,0.0002279329637531191,0.0002279329637531191,0.0006000000284984708,,,,,,,
137,2.9191336631774902,0.2578125,0.0002279329637531191,0.0002279329637531191,0.0006000000284984708,2.6069486141204834,,,,,,
138,2.7313857078552246,0.3359375,0.00023128491011448205,0.00023128491011448205,0.0006000000284984708,,,,,,,
139,2.839097023010254,0.2578125,0.00023128491011448205,0.00023128491011448205,0.0006000000284984708,1.6480716466903687,,,,,,
140,2.8283138275146484,0.203125,0.0002346368710277602,0.0002346368710277602,0.0006000000284984708,,,,,,,
141,2.725407600402832,0.28125,0.0002346368710277602,0.0002346368710277602,0.0006000000284984708,2.044893741607666,,,,,,
142,2.8391919136047363,0.25,0.00023798883194103837,0.00023798883194103837,0.0006000000284984708,,,,,,,
143,2.805018186569214,0.21875,0.00023798883194103837,0.00023798883194103837,0.0006000000284984708,1.7476351261138916,,,,,,
144,2.804461717605591,0.1953125,0.0002413407783024013,0.0002413407783024013,0.0006000000284984708,,,,,,,
145,2.718430519104004,0.3515625,0.0002413407783024013,0.0002413407783024013,0.0006000000284984708,1.3202203512191772,,,,,,
146,2.888759136199951,0.1796875,0.00024469272466376424,0.00024469272466376424,0.0006000000284984708,,,,,,,
147,2.8092987537384033,0.234375,0.00024469272466376424,0.00024469272466376424,0.0006000000284984708,1.5009300708770752,,,,,,
148,2.725027322769165,0.28125,0.00024804470012895763,0.00024804470012895763,0.0006000000284984708,,,,,,,
149,2.8741564750671387,0.1328125,0.00024804470012895763,0.00024804470012895763,0.0006000000284984708,1.807366967201233,,,,,,
150,2.8135530948638916,0.2421875,0.00025139664649032056,0.00025139664649032056,0.0006000000284984708,,,,,,,
151,2.751293182373047,0.2421875,0.00025139664649032056,0.00025139664649032056,0.0006000000284984708,1.8825204372406006,,,,,,
152,2.792208194732666,0.2109375,0.0002547485928516835,0.0002547485928516835,0.0006000000284984708,,,,,,,
153,2.764173984527588,0.2421875,0.0002547485928516835,0.0002547485928516835,0.0006000000284984708,1.6219316720962524,,,,,,
154,2.7139205932617188,0.21875,0.0002581005683168769,0.0002581005683168769,0.0006000000284984708,,,,,,,
155,2.6632041931152344,0.296875,0.0002581005683168769,0.0002581005683168769,0.0006000000284984708,1.9995890855789185,,,,,,
156,2.5513687133789062,0.3359375,0.0002614525146782398,0.0002614525146782398,0.0006000000284984708,,,,,,,
157,2.7512216567993164,0.28125,0.0002614525146782398,0.0002614525146782398,0.0006000000284984708,2.2721121311187744,,,,,,
158,2.7771108150482178,0.2265625,0.00026480446103960276,0.00026480446103960276,0.0006000000284984708,,,,,,,
159,2.5687520503997803,0.34375,0.00026480446103960276,0.00026480446103960276,0.0006000000284984708,2.0595972537994385,,,,,,
160,2.604959011077881,0.296875,0.00026815643650479615,0.00026815643650479615,0.0006000000284984708,,,,,,,
161,2.638869285583496,0.3359375,0.00026815643650479615,0.00026815643650479615,0.0006000000284984708,1.711326241493225,,,,,,
162,2.682279586791992,0.2890625,0.0002715083828661591,0.0002715083828661591,0.0006000000284984708,,,,,,,
163,2.590942144393921,0.3359375,0.0002715083828661591,0.0002715083828661591,0.0006000000284984708,2.497368574142456,,,,,,
164,2.713765859603882,0.2109375,0.000274860329227522,0.000274860329227522,0.0006000000284984708,,,,,,,
165,2.6426033973693848,0.2578125,0.000274860329227522,0.000274860329227522,0.0006000000284984708,1.9270069599151611,,,,,,
166,2.498206615447998,0.3515625,0.0002782123046927154,0.0002782123046927154,0.0006000000284984708,,,,,,,
167,2.6935975551605225,0.2265625,0.0002782123046927154,0.0002782123046927154,0.0006000000284984708,2.3188636302948,,,,,,
168,2.6150176525115967,0.265625,0.00028156425105407834,0.00028156425105407834,0.0006000000284984708,,,,,,,
169,2.6600332260131836,0.2890625,0.00028156425105407834,0.00028156425105407834,0.0006000000284984708,1.909830093383789,,,,,,
170,2.5768988132476807,0.265625,0.0002849161974154413,0.0002849161974154413,0.0006000000284984708,,,,,,,
171,2.68556547164917,0.25,0.0002849161974154413,0.0002849161974154413,0.0006000000284984708,1.8858754634857178,,,,,,
172,2.5844643115997314,0.3203125,0.0002882681437768042,0.0002882681437768042,0.0006000000284984708,,,,,,,
173,2.5193030834198,0.3125,0.0002882681437768042,0.0002882681437768042,0.0006000000284984708,1.5870641469955444,,,,,,
174,2.3363494873046875,0.4375,0.0002916201192419976,0.0002916201192419976,0.0006000000284984708,,,,,,,
175,2.6635782718658447,0.234375,0.0002916201192419976,0.0002916201192419976,0.0006000000284984708,2.8276193141937256,,,,,,
176,2.613954544067383,0.2890625,0.00029497206560336053,0.00029497206560336053,0.0006000000284984708,,,,,,,
177,2.4028449058532715,0.375,0.00029497206560336053,0.00029497206560336053,0.0006000000284984708,2.5137133598327637,,,,,,
178,2.484175443649292,0.3515625,0.00029832401196472347,0.00029832401196472347,0.0006000000284984708,,,,,,,
179,2.3934779167175293,0.3515625,0.00029832401196472347,0.00029832401196472347,0.0006000000284984708,1.8248454332351685,,,,,,
180,2.481907606124878,0.3125,0.00030167598742991686,0.00030167598742991686,0.0006000000284984708,,,,,,,
181,2.5383594036102295,0.359375,0.00030167598742991686,0.00030167598742991686,0.0006000000284984708,1.6095703840255737,,,,,,
182,2.6065800189971924,0.2734375,0.0003050279337912798,0.0003050279337912798,0.0006000000284984708,,,,,,,
183,2.475985527038574,0.3125,0.0003050279337912798,0.0003050279337912798,0.0006000000284984708,2.228496789932251,,,,,,
184,2.4496593475341797,0.3515625,0.0003083798801526427,0.0003083798801526427,0.0006000000284984708,,,,,,,
185,2.5428669452667236,0.2265625,0.0003083798801526427,0.0003083798801526427,0.0006000000284984708,2.16849684715271,,,,,,
186,2.565284013748169,0.265625,0.0003117318556178361,0.0003117318556178361,0.0006000000284984708,,,,,,,
187,2.5169308185577393,0.265625,0.0003117318556178361,0.0003117318556178361,0.0006000000284984708,2.1426923274993896,,,,,,
188,2.4258413314819336,0.3671875,0.00031508380197919905,0.00031508380197919905,0.0006000000284984708,,,,,,,
189,2.5627975463867188,0.3203125,0.00031508380197919905,0.00031508380197919905,0.0006000000284984708,1.5887409448623657,,,,,,
190,2.2923598289489746,0.3671875,0.000318435748340562,0.000318435748340562,0.0006000000284984708,,,,,,,
191,2.5777149200439453,0.265625,0.000318435748340562,0.000318435748340562,0.0006000000284984708,1.9564166069030762,,,,,,
192,2.2401797771453857,0.4140625,0.0003217877238057554,0.0003217877238057554,0.0006000000284984708,,,,,,,
193,2.401669502258301,0.359375,0.0003217877238057554,0.0003217877238057554,0.0006000000284984708,2.0493645668029785,,,,,,
194,2.42830753326416,0.34375,0.0003251396701671183,0.0003251396701671183,0.0006000000284984708,,,,,,,
195,2.3305747509002686,0.40625,0.0003251396701671183,0.0003251396701671183,0.0006000000284984708,2.3696062564849854,,,,,,
196,2.4132473468780518,0.3984375,0.00032849161652848125,0.00032849161652848125,0.0006000000284984708,,,,,,,
197,2.3579845428466797,0.359375,0.00032849161652848125,0.00032849161652848125,0.0006000000284984708,2.827610731124878,,,,,,
198,2.4753928184509277,0.359375,0.0003318435628898442,0.0003318435628898442,0.0006000000284984708,,,,,,,
199,2.3134360313415527,0.4453125,0.0003318435628898442,0.0003318435628898442,0.0006000000284984708,3.1516387462615967,,,,,,
200,2.4466447830200195,0.28125,0.00033519553835503757,0.00033519553835503757,0.0006000000284984708,,,,,,,
201,2.357625961303711,0.40625,0.00033519553835503757,0.00033519553835503757,0.0006000000284984708,1.6019096374511719,,,,,,
202,2.3114805221557617,0.375,0.0003385474847164005,0.0003385474847164005,0.0006000000284984708,,,,,,,
203,2.3664941787719727,0.3515625,0.0003385474847164005,0.0003385474847164005,0.0006000000284984708,1.9126685857772827,,,,,,
204,2.511265754699707,0.2890625,0.00034189943107776344,0.00034189943107776344,0.0006000000284984708,,,,,,,
205,2.4374420642852783,0.359375,0.00034189943107776344,0.00034189943107776344,0.0006000000284984708,2.9187731742858887,,,,,,
206,2.3344593048095703,0.3984375,0.00034525140654295683,0.00034525140654295683,0.0006000000284984708,,,,,,,
207,2.344550132751465,0.359375,0.00034525140654295683,0.00034525140654295683,0.0006000000284984708,2.14505672454834,,,,,,
208,2.0578906536102295,0.46875,0.00034860335290431976,0.00034860335290431976,0.0006000000284984708,,,,,,,
209,2.337625503540039,0.3671875,0.00034860335290431976,0.00034860335290431976,0.0006000000284984708,3.05826473236084,,,,,,
210,2.061595916748047,0.5078125,0.0003519552992656827,0.0003519552992656827,0.0006000000284984708,,,,,,,
211,2.1360573768615723,0.4765625,0.0003519552992656827,0.0003519552992656827,0.0006000000284984708,3.0972092151641846,,,,,,
212,2.369091033935547,0.3671875,0.0003553072747308761,0.0003553072747308761,0.0006000000284984708,,,,,,,
213,2.316739082336426,0.421875,0.0003553072747308761,0.0003553072747308761,0.0006000000284984708,3.3664774894714355,,,,,,
214,2.2797398567199707,0.390625,0.000358659221092239,0.000358659221092239,0.0006000000284984708,,,,,,,
215,2.199036121368408,0.4140625,0.000358659221092239,0.000358659221092239,0.0006000000284984708,2.465404987335205,,,,,,
216,2.269326686859131,0.3984375,0.00036201116745360196,0.00036201116745360196,0.0006000000284984708,,,,,,,
217,2.08160400390625,0.4609375,0.00036201116745360196,0.00036201116745360196,0.0006000000284984708,3.974552631378174,,,,,,
218,2.254643440246582,0.453125,0.00036536314291879535,0.00036536314291879535,0.0006000000284984708,,,,,,,
219,2.233487129211426,0.3671875,0.00036536314291879535,0.00036536314291879535,0.0006000000284984708,2.138150691986084,,,,,,
220,2.193608283996582,0.359375,0.0003687150892801583,0.0003687150892801583,0.0006000000284984708,,,,,,,
221,2.4311776161193848,0.3359375,0.0003687150892801583,0.0003687150892801583,0.0006000000284984708,2.7465336322784424,,,,,,
222,2.2053470611572266,0.421875,0.0003720670356415212,0.0003720670356415212,0.0006000000284984708,,,,,,,
223,2.2055912017822266,0.375,0.0003720670356415212,0.0003720670356415212,0.0006000000284984708,1.6732017993927002,,,,,,
224,2.238400936126709,0.40625,0.00037541898200288415,0.00037541898200288415,0.0006000000284984708,,,,,,,
225,2.2117490768432617,0.4375,0.00037541898200288415,0.00037541898200288415,0.0006000000284984708,2.745601177215576,,,,,,
226,2.0794284343719482,0.4609375,0.00037877095746807754,0.00037877095746807754,0.0006000000284984708,,,,,,,
227,2.284712791442871,0.3671875,0.00037877095746807754,0.00037877095746807754,0.0006000000284984708,2.241325855255127,,,,,,
228,2.006166458129883,0.5078125,0.0003821229038294405,0.0003821229038294405,0.0006000000284984708,,,,,,,
229,2.1696529388427734,0.4609375,0.0003821229038294405,0.0003821229038294405,0.0006000000284984708,2.9471306800842285,,,,,,
230,2.153486967086792,0.40625,0.0003854748501908034,0.0003854748501908034,0.0006000000284984708,,,,,,,
231,2.020132064819336,0.5,0.0003854748501908034,0.0003854748501908034,0.0006000000284984708,2.88246488571167,,,,,,
232,2.087935447692871,0.515625,0.0003888268256559968,0.0003888268256559968,0.0006000000284984708,,,,,,,
233,2.1240901947021484,0.4453125,0.0003888268256559968,0.0003888268256559968,0.0006000000284984708,2.551605701446533,,,,,,
234,2.1306488513946533,0.46875,0.00039217877201735973,0.00039217877201735973,0.0006000000284984708,,,,,,,
235,2.026707649230957,0.4921875,0.00039217877201735973,0.00039217877201735973,0.0006000000284984708,3.5491554737091064,,,,,,
236,2.132053852081299,0.4140625,0.00039553071837872267,0.00039553071837872267,0.0006000000284984708,,,,,,,
237,2.0047974586486816,0.4609375,0.00039553071837872267,0.00039553071837872267,0.0006000000284984708,2.521064281463623,,,,,,
238,1.9568088054656982,0.5,0.00039888269384391606,0.00039888269384391606,0.0006000000284984708,,,,,,,
239,2.2348437309265137,0.390625,0.00039888269384391606,0.00039888269384391606,0.0006000000284984708,1.7628287076950073,,,,,,
240,2.14776611328125,0.4375,0.000402234640205279,0.000402234640205279,0.0006000000284984708,,,,,,,
241,2.0756876468658447,0.453125,0.000402234640205279,0.000402234640205279,0.0006000000284984708,1.9637607336044312,,,,,,
242,2.130824565887451,0.3828125,0.0004055865865666419,0.0004055865865666419,0.0006000000284984708,,,,,,,
243,2.0136945247650146,0.46875,0.0004055865865666419,0.0004055865865666419,0.0006000000284984708,2.1645023822784424,,,,,,
244,1.9373902082443237,0.4921875,0.0004089385620318353,0.0004089385620318353,0.0006000000284984708,,,,,,,
245,2.0307183265686035,0.46875,0.0004089385620318353,0.0004089385620318353,0.0006000000284984708,3.359064817428589,,,,,,
246,1.7923375368118286,0.640625,0.00041229050839319825,0.00041229050839319825,0.0006000000284984708,,,,,,,
247,2.1026504039764404,0.4921875,0.00041229050839319825,0.00041229050839319825,0.0006000000284984708,2.7279438972473145,,,,,,
248,2.0176448822021484,0.5078125,0.0004156424547545612,0.0004156424547545612,0.0006000000284984708,,,,,,,
249,1.9202800989151,0.578125,0.0004156424547545612,0.0004156424547545612,0.0006000000284984708,2.214294195175171,,,,,,
250,1.9891366958618164,0.4765625,0.0004189944011159241,0.0004189944011159241,0.0006000000284984708,,,,,,,
251,2.0382704734802246,0.4453125,0.0004189944011159241,0.0004189944011159241,0.0006000000284984708,3.5708210468292236,,,,,,
252,1.95503830909729,0.515625,0.0004223463765811175,0.0004223463765811175,0.0006000000284984708,,,,,,,
253,1.8425161838531494,0.5546875,0.0004223463765811175,0.0004223463765811175,0.0006000000284984708,2.121900796890259,,,,,,
254,1.9136157035827637,0.515625,0.00042569832294248044,0.00042569832294248044,0.0006000000284984708,,,,,,,
255,1.8776577711105347,0.5625,0.00042569832294248044,0.00042569832294248044,0.0006000000284984708,2.26863694190979,,,,,,
256,1.772926688194275,0.5234375,0.0004290502693038434,0.0004290502693038434,0.0006000000284984708,,,,,,,
257,2.0503993034362793,0.4609375,0.0004290502693038434,0.0004290502693038434,0.0006000000284984708,2.069201707839966,,,,,,
258,2.0473318099975586,0.4453125,0.00043240224476903677,0.00043240224476903677,0.0006000000284984708,,,,,,,
259,2.0152368545532227,0.46875,0.00043240224476903677,0.00043240224476903677,0.0006000000284984708,2.2953615188598633,,,,,,
260,2.0701186656951904,0.53125,0.0004357541911303997,0.0004357541911303997,0.0006000000284984708,,,,,,,
261,1.901810884475708,0.4921875,0.0004357541911303997,0.0004357541911303997,0.0006000000284984708,2.6368908882141113,,,,,,
262,1.851897120475769,0.5625,0.00043910613749176264,0.00043910613749176264,0.0006000000284984708,,,,,,,
263,1.9302394390106201,0.5234375,0.00043910613749176264,0.00043910613749176264,0.0006000000284984708,2.2615811824798584,,,,,,
264,1.8501425981521606,0.546875,0.00044245811295695603,0.00044245811295695603,0.0006000000284984708,,,,,,,
265,1.9396147727966309,0.5546875,0.00044245811295695603,0.00044245811295695603,0.0006000000284984708,3.1861867904663086,,,,,,
266,1.952174186706543,0.5078125,0.00044581005931831896,0.00044581005931831896,0.0006000000284984708,,,,,,,
267,1.7462701797485352,0.578125,0.00044581005931831896,0.00044581005931831896,0.0006000000284984708,4.132239818572998,,,,,,
268,1.8864991664886475,0.5234375,0.0004491620056796819,0.0004491620056796819,0.0006000000284984708,,,,,,,
269,1.790248155593872,0.609375,0.0004491620056796819,0.0004491620056796819,0.0006000000284984708,3.080085039138794,,,,,,
270,1.8677159547805786,0.515625,0.00045251395204104483,0.00045251395204104483,0.0006000000284984708,,,,,,,
271,1.8602194786071777,0.578125,0.00045251395204104483,0.00045251395204104483,0.0006000000284984708,2.971454620361328,,,,,,
272,1.9189809560775757,0.53125,0.0004558659275062382,0.0004558659275062382,0.0006000000284984708,,,,,,,
273,1.8404414653778076,0.53125,0.0004558659275062382,0.0004558659275062382,0.0006000000284984708,2.3517377376556396,,,,,,
274,1.7555310726165771,0.5859375,0.00045921787386760116,0.00045921787386760116,0.0006000000284984708,,,,,,,
275,1.8563783168792725,0.5234375,0.00045921787386760116,0.00045921787386760116,0.0006000000284984708,2.0282022953033447,,,,,,
276,1.9969704151153564,0.4765625,0.0004625698202289641,0.0004625698202289641,0.0006000000284984708,,,,,,,
277,1.954608678817749,0.5078125,0.0004625698202289641,0.0004625698202289641,0.0006000000284984708,3.857553482055664,,,,,,
278,1.854882001876831,0.5390625,0.0004659217956941575,0.0004659217956941575,0.0006000000284984708,,,,,,,
279,1.862755537033081,0.578125,0.0004659217956941575,0.0004659217956941575,0.0006000000284984708,2.254143238067627,,,,,,
280,1.6355317831039429,0.609375,0.0004692737420555204,0.0004692737420555204,0.0006000000284984708,,,,,,,
281,1.7817413806915283,0.515625,0.0004692737420555204,0.0004692737420555204,0.0006000000284984708,2.784595251083374,,,,,,
282,1.5523431301116943,0.6640625,0.00047262568841688335,0.00047262568841688335,0.0006000000284984708,,,,,,,
283,1.7411789894104004,0.6171875,0.00047262568841688335,0.00047262568841688335,0.0006000000284984708,2.155400037765503,,,,,,
284,1.8509703874588013,0.53125,0.00047597766388207674,0.00047597766388207674,0.0006000000284984708,,,,,,,
285,1.6687114238739014,0.59375,0.00047597766388207674,0.00047597766388207674,0.0006000000284984708,3.0997695922851562,,,,,,
286,1.8546671867370605,0.5078125,0.0004793296102434397,0.0004793296102434397,0.0006000000284984708,,,,,,,
287,1.7559378147125244,0.5859375,0.0004793296102434397,0.0004793296102434397,0.0006000000284984708,3.7982537746429443,,,,,,
288,1.844059705734253,0.53125,0.0004826815566048026,0.0004826815566048026,0.0006000000284984708,,,,,,,
289,1.62064528465271,0.6484375,0.0004826815566048026,0.0004826815566048026,0.0006000000284984708,2.4372289180755615,,,,,,
290,1.8122220039367676,0.578125,0.000486033532069996,0.000486033532069996,0.0006000000284984708,,,,,,,
291,1.6262331008911133,0.6484375,0.000486033532069996,0.000486033532069996,0.0006000000284984708,2.8015012741088867,,,,,,
292,1.652137279510498,0.6015625,0.0004893854493275285,0.0004893854493275285,0.0006000000284984708,,,,,,,
293,1.8119330406188965,0.546875,0.0004893854493275285,0.0004893854493275285,0.0006000000284984708,2.4257073402404785,,,,,,
294,1.7929627895355225,0.546875,0.0004927374538965523,0.0004927374538965523,0.0006000000284984708,,,,,,,
295,1.8885717391967773,0.5546875,0.0004927374538965523,0.0004927374538965523,0.0006000000284984708,2.6984808444976807,,,,,,
296,1.9014756679534912,0.4921875,0.0004960894002579153,0.0004960894002579153,0.0006000000284984708,,,,,,,
297,1.75333571434021,0.609375,0.0004960894002579153,0.0004960894002579153,0.0006000000284984708,3.5995209217071533,,,,,,
298,1.651700496673584,0.609375,0.0004994413466192782,0.0004994413466192782,0.0006000000284984708,,,,,,,
299,1.814159631729126,0.546875,0.0004994413466192782,0.0004994413466192782,0.0006000000284984708,4.462221622467041,,,,,,
300,1.6979719400405884,0.625,0.0005027932929806411,0.0005027932929806411,0.0006000000284984708,,,,,,,
301,1.773643970489502,0.5859375,0.0005027932929806411,0.0005027932929806411,0.0006000000284984708,3.2152841091156006,,,,,,
302,1.734844446182251,0.5859375,0.0005061452393420041,0.0005061452393420041,0.0006000000284984708,,,,,,,
303,1.5078641176223755,0.7109375,0.0005061452393420041,0.0005061452393420041,0.0006000000284984708,2.761422872543335,,,,,,
304,1.745571494102478,0.6015625,0.000509497185703367,0.000509497185703367,0.0006000000284984708,,,,,,,
305,1.7063223123550415,0.578125,0.000509497185703367,0.000509497185703367,0.0006000000284984708,5.275310516357422,,,,,,
306,1.774620532989502,0.578125,0.0005128491902723908,0.0005128491902723908,0.0006000000284984708,,,,,,,
307,1.6708145141601562,0.65625,0.0005128491902723908,0.0005128491902723908,0.0006000000284984708,2.647177219390869,,,,,,
308,1.6883234977722168,0.5625,0.0005162011366337538,0.0005162011366337538,0.0006000000284984708,,,,,,,
309,1.637656807899475,0.609375,0.0005162011366337538,0.0005162011366337538,0.0006000000284984708,3.2787013053894043,,,,,,
310,1.7323335409164429,0.6171875,0.0005195530829951167,0.0005195530829951167,0.0006000000284984708,,,,,,,
311,1.8920512199401855,0.5234375,0.0005195530829951167,0.0005195530829951167,0.0006000000284984708,4.397404670715332,,,,,,
312,1.7936110496520996,0.5234375,0.0005229050293564796,0.0005229050293564796,0.0006000000284984708,,,,,,,
313,1.744481086730957,0.6015625,0.0005229050293564796,0.0005229050293564796,0.0006000000284984708,2.740135908126831,,,,,,
314,1.6608960628509521,0.609375,0.0005262569757178426,0.0005262569757178426,0.0006000000284984708,,,,,,,
315,1.5497746467590332,0.6328125,0.0005262569757178426,0.0005262569757178426,0.0006000000284984708,3.377344846725464,,,,,,
316,1.606416940689087,0.6328125,0.0005296089220792055,0.0005296089220792055,0.0006000000284984708,,,,,,,
317,1.7716419696807861,0.5546875,0.0005296089220792055,0.0005296089220792055,0.0006000000284984708,4.215389251708984,,,,,,
318,1.5414056777954102,0.6640625,0.0005329608684405684,0.0005329608684405684,0.0006000000284984708,,,,,,,
319,1.6355400085449219,0.625,0.0005329608684405684,0.0005329608684405684,0.0006000000284984708,3.7079575061798096,,,,,,
320,1.6405038833618164,0.6015625,0.0005363128730095923,0.0005363128730095923,0.0006000000284984708,,,,,,,
321,1.543198585510254,0.6484375,0.0005363128730095923,0.0005363128730095923,0.0006000000284984708,4.473968505859375,,,,,,
322,1.6047195196151733,0.65625,0.0005396648193709552,0.0005396648193709552,0.0006000000284984708,,,,,,,
323,1.5723369121551514,0.6328125,0.0005396648193709552,0.0005396648193709552,0.0006000000284984708,2.4696428775787354,,,,,,
324,1.642327904701233,0.6328125,0.0005430167657323182,0.0005430167657323182,0.0006000000284984708,,,,,,,
325,1.6473019123077393,0.59375,0.0005430167657323182,0.0005430167657323182,0.0006000000284984708,3.9176442623138428,,,,,,
326,1.501976728439331,0.734375,0.0005463687120936811,0.0005463687120936811,0.0006000000284984708,,,,,,,
327,1.6628196239471436,0.59375,0.0005463687120936811,0.0005463687120936811,0.0006000000284984708,3.466583013534546,,,,,,
328,1.5387721061706543,0.6953125,0.000549720658455044,0.000549720658455044,0.0006000000284984708,,,,,,,
329,1.690271258354187,0.578125,0.000549720658455044,0.000549720658455044,0.0006000000284984708,2.042712688446045,,,,,,
330,1.6411750316619873,0.578125,0.000553072604816407,0.000553072604816407,0.0006000000284984708,,,,,,,
331,1.6102958917617798,0.625,0.000553072604816407,0.000553072604816407,0.0006000000284984708,3.122668504714966,,,,,,
332,1.6955585479736328,0.5703125,0.0005564246093854308,0.0005564246093854308,0.0006000000284984708,,,,,,,
333,1.5398244857788086,0.6171875,0.0005564246093854308,0.0005564246093854308,0.0006000000284984708,2.3388919830322266,,,,,,
334,1.6740983724594116,0.6015625,0.0005597765557467937,0.0005597765557467937,0.0006000000284984708,,,,,,,
335,1.7215566635131836,0.5390625,0.0005597765557467937,0.0005597765557467937,0.0006000000284984708,3.226109027862549,,,,,,
336,1.630550503730774,0.6328125,0.0005631285021081567,0.0005631285021081567,0.0006000000284984708,,,,,,,
337,1.5224003791809082,0.6796875,0.0005631285021081567,0.0005631285021081567,0.0006000000284984708,4.738309383392334,,,,,,
338,1.702410340309143,0.5546875,0.0005664804484695196,0.0005664804484695196,0.0006000000284984708,,,,,,,
339,1.438847541809082,0.703125,0.0005664804484695196,0.0005664804484695196,0.0006000000284984708,2.757864475250244,,,,,,
340,1.4281072616577148,0.6796875,0.0005698323948308825,0.0005698323948308825,0.0006000000284984708,,,,,,,
341,1.6704847812652588,0.609375,0.0005698323948308825,0.0005698323948308825,0.0006000000284984708,2.9579732418060303,,,,,,
342,1.585726261138916,0.6171875,0.0005731843411922455,0.0005731843411922455,0.0006000000284984708,,,,,,,
343,1.6147985458374023,0.6328125,0.0005731843411922455,0.0005731843411922455,0.0006000000284984708,2.4768991470336914,,,,,,
344,1.558591365814209,0.6484375,0.0005765362875536084,0.0005765362875536084,0.0006000000284984708,,,,,,,
345,1.5714948177337646,0.6328125,0.0005765362875536084,0.0005765362875536084,0.0006000000284984708,2.567934989929199,,,,,,
346,1.5460999011993408,0.640625,0.0005798882921226323,0.0005798882921226323,0.0006000000284984708,,,,,,,
347,1.5461055040359497,0.6171875,0.0005798882921226323,0.0005798882921226323,0.0006000000284984708,3.3661441802978516,,,,,,
348,1.6649450063705444,0.578125,0.0005832402384839952,0.0005832402384839952,0.0006000000284984708,,,,,,,
349,1.5225257873535156,0.671875,0.0005832402384839952,0.0005832402384839952,0.0006000000284984708,3.2600700855255127,,,,,,
350,1.629992961883545,0.609375,0.0005865921848453581,0.0005865921848453581,0.0006000000284984708,,,,,,,
351,1.5228400230407715,0.65625,0.0005865921848453581,0.0005865921848453581,0.0006000000284984708,3.7306954860687256,,,,,,
352,1.5650482177734375,0.671875,0.0005899441312067211,0.0005899441312067211,0.0006000000284984708,,,,,,,
353,1.6243832111358643,0.6328125,0.0005899441312067211,0.0005899441312067211,0.0006000000284984708,2.7469215393066406,,,,,,
354,1.4851737022399902,0.6875,0.000593296077568084,0.000593296077568084,0.0006000000284984708,,,,,,,
355,1.466338038444519,0.6875,0.000593296077568084,0.000593296077568084,0.0006000000284984708,3.513007164001465,,,,,,
356,1.5336883068084717,0.65625,0.0005966480239294469,0.0005966480239294469,0.0006000000284984708,,,,,,,
357,1.4117157459259033,0.734375,0.0005966480239294469,0.0005966480239294469,0.0006000000284984708,2.696661949157715,,,,,,
358,1.509867548942566,0.6875,0.0006000000284984708,0.0006000000284984708,0.0006000000284984708,,,,,,,
359,1.5855259895324707,0.640625,0.0006000000284984708,0.0006000000284984708,0.0006000000284984708,3.1747806072235107,,,,,,
360,1.489983320236206,0.6640625,0.0006000000284984708,0.0006000000284984708,0.0006000000284984708,,,,,,,
361,1.5380488634109497,0.6640625,0.0006000000284984708,0.0006000000284984708,0.0006000000284984708,2.322547197341919,,,,,,
362,1.4506900310516357,0.7109375,0.0005999994464218616,0.0005999994464218616,0.0006000000284984708,,,,,,,
363,1.4717446565628052,0.640625,0.0005999994464218616,0.0005999994464218616,0.0006000000284984708,2.8394126892089844,,,,,,
364,1.4923821687698364,0.6796875,0.0005999977583996952,0.0005999977583996952,0.0006000000284984708,,,,,,,
365,1.5824956893920898,0.625,0.0005999977583996952,0.0005999977583996952,0.0006000000284984708,4.7395501136779785,,,,,,
366,1.5591509342193604,0.671875,0.0005999949062243104,0.0005999949062243104,0.0006000000284984708,,,,,,,
367,1.4901931285858154,0.6875,0.0005999949062243104,0.0005999949062243104,0.0006000000284984708,2.3808391094207764,,,,,,
368,1.4979467391967773,0.671875,0.0005999910063110292,0.0005999910063110292,0.0006000000284984708,,,,,,,
369,1.457937240600586,0.703125,0.0005999910063110292,0.0005999910063110292,0.0006000000284984708,2.5136046409606934,,,,,,
370,1.4587669372558594,0.7109375,0.0005999859422445297,0.0005999859422445297,0.0006000000284984708,,,,,,,
371,1.633005142211914,0.625,0.0005999859422445297,0.0005999859422445297,0.0006000000284984708,2.7369120121002197,,,,,,
372,1.4141366481781006,0.6875,0.000599979714024812,0.000599979714024812,0.0006000000284984708,,,,,,,
373,1.4524726867675781,0.640625,0.000599979714024812,0.000599979714024812,0.0006000000284984708,2.9340343475341797,,,,,,
374,1.5167056322097778,0.671875,0.0005999723798595369,0.0005999723798595369,0.0006000000284984708,,,,,,,
375,1.3008239269256592,0.7578125,0.0005999723798595369,0.0005999723798595369,0.0006000000284984708,2.623690366744995,,,,,,
376,1.4479386806488037,0.6875,0.0005999639397487044,0.0005999639397487044,0.0006000000284984708,,,,,,,
377,1.5664011240005493,0.6328125,0.0005999639397487044,0.0005999639397487044,0.0006000000284984708,3.3583807945251465,,,,,,
378,1.4943057298660278,0.6875,0.0005999543936923146,0.0005999543936923146,0.0006000000284984708,,,,,,,
379,1.4158943891525269,0.75,0.0005999543936923146,0.0005999543936923146,0.0006000000284984708,3.1384479999542236,,,,,,
380,1.4456285238265991,0.6953125,0.0005999436834827065,0.0005999436834827065,0.0006000000284984708,,,,,,,
381,1.3894351720809937,0.7109375,0.0005999436834827065,0.0005999436834827065,0.0006000000284984708,2.912395477294922,,,,,,
382,1.3156309127807617,0.7421875,0.0005999318673275411,0.0005999318673275411,0.0006000000284984708,,,,,,,
383,1.5049998760223389,0.625,0.0005999318673275411,0.0005999318673275411,0.0006000000284984708,2.873642683029175,,,,,,
384,1.634413719177246,0.578125,0.0005999188870191574,0.0005999188870191574,0.0006000000284984708,,,,,,,
385,1.4481474161148071,0.703125,0.0005999188870191574,0.0005999188870191574,0.0006000000284984708,2.962947368621826,,,,,,
386,1.5856096744537354,0.671875,0.0005999048589728773,0.0005999048589728773,0.0006000000284984708,,,,,,,
387,1.4560210704803467,0.6875,0.0005999048589728773,0.0005999048589728773,0.0006000000284984708,2.5996832847595215,,,,,,
388,1.421178936958313,0.6953125,0.0005998896085657179,0.0005998896085657179,0.0006000000284984708,,,,,,,
389,1.5211915969848633,0.671875,0.0005998896085657179,0.0005998896085657179,0.0006000000284984708,3.0574357509613037,,,,,,
390,1.3327744007110596,0.75,0.0005998733104206622,0.0005998733104206622,0.0006000000284984708,,,,,,,
391,1.4569180011749268,0.71875,0.0005998733104206622,0.0005998733104206622,0.0006000000284984708,2.566863536834717,,,,,,
392,1.4355146884918213,0.6953125,0.0005998558481223881,0.0005998558481223881,0.0006000000284984708,,,,,,,
393,1.4092096090316772,0.765625,0.0005998558481223881,0.0005998558481223881,0.0006000000284984708,3.5263657569885254,,,,,,
394,1.3645678758621216,0.7265625,0.0005998372798785567,0.0005998372798785567,0.0006000000284984708,,,,,,,
395,1.4184201955795288,0.6640625,0.0005998372798785567,0.0005998372798785567,0.0006000000284984708,4.17338752746582,,,,,,
396,1.4033939838409424,0.71875,0.0005998175474815071,0.0005998175474815071,0.0006000000284984708,,,,,,,
397,1.3658113479614258,0.703125,0.0005998175474815071,0.0005998175474815071,0.0006000000284984708,2.3277134895324707,,,,,,
398,1.4971073865890503,0.671875,0.0005997967091389,0.0005997967091389,0.0006000000284984708,,,,,,,
399,1.3261568546295166,0.71875,0.0005997967091389,0.0005997967091389,0.0006000000284984708,2.4257471561431885,,,,,,
400,1.3022334575653076,0.7265625,0.0005997747648507357,0.0005997747648507357,0.0006000000284984708,,,,,,,
401,1.480388879776001,0.703125,0.0005997747648507357,0.0005997747648507357,0.0006000000284984708,2.9241790771484375,,,,,,
402,1.574688196182251,0.625,0.000599751656409353,0.000599751656409353,0.0006000000284984708,,,,,,,
403,1.4098209142684937,0.71875,0.000599751656409353,0.000599751656409353,0.0006000000284984708,2.035446882247925,,,,,,
404,1.5224192142486572,0.6796875,0.000599727442022413,0.000599727442022413,0.0006000000284984708,,,,,,,
405,1.342484712600708,0.765625,0.000599727442022413,0.000599727442022413,0.0006000000284984708,3.0008344650268555,,,,,,
406,1.2407641410827637,0.7890625,0.0005997021216899157,0.0005997021216899157,0.0006000000284984708,,,,,,,
407,1.4965184926986694,0.6640625,0.0005997021216899157,0.0005997021216899157,0.0006000000284984708,2.1085290908813477,,,,,,
408,1.282987117767334,0.765625,0.0005996756954118609,0.0005996756954118609,0.0006000000284984708,,,,,,,
409,1.394282579421997,0.734375,0.0005996756954118609,0.0005996756954118609,0.0006000000284984708,3.265244245529175,,,,,,
410,1.443549394607544,0.6796875,0.000599648104980588,0.000599648104980588,0.0006000000284984708,,,,,,,
411,1.1760046482086182,0.796875,0.000599648104980588,0.000599648104980588,0.0006000000284984708,2.8164470195770264,,,,,,
412,1.5407261848449707,0.671875,0.0005996194086037576,0.0005996194086037576,0.0006000000284984708,,,,,,,
413,1.507765769958496,0.6640625,0.0005996194086037576,0.0005996194086037576,0.0006000000284984708,3.00858736038208,,,,,,
414,1.4259958267211914,0.703125,0.000599589548073709,0.000599589548073709,0.0006000000284984708,,,,,,,
415,1.3282251358032227,0.7578125,0.000599589548073709,0.000599589548073709,0.0006000000284984708,3.08990216255188,,,,,,
416,1.5311684608459473,0.6171875,0.000599558581598103,0.000599558581598103,0.0006000000284984708,,,,,,,
417,1.3650646209716797,0.71875,0.000599558581598103,0.000599558581598103,0.0006000000284984708,2.6903319358825684,,,,,,
418,1.2569162845611572,0.7734375,0.0005995265091769397,0.0005995265091769397,0.0006000000284984708,,,,,,,
419,1.3223876953125,0.6953125,0.0005995265091769397,0.0005995265091769397,0.0006000000284984708,2.706859827041626,,,,,,
420,1.3942975997924805,0.703125,0.0005994932726025581,0.0005994932726025581,0.0006000000284984708,,,,,,,
421,1.2841029167175293,0.75,0.0005994932726025581,0.0005994932726025581,0.0006000000284984708,2.944061279296875,,,,,,
422,1.3957265615463257,0.6953125,0.0005994589882902801,0.0005994589882902801,0.0006000000284984708,,,,,,,
423,1.4073894023895264,0.75,0.0005994589882902801,0.0005994589882902801,0.0006000000284984708,3.688779592514038,,,,,,
424,1.2425382137298584,0.828125,0.0005994234816171229,0.0005994234816171229,0.0006000000284984708,,,,,,,
425,1.5503884553909302,0.671875,0.0005994234816171229,0.0005994234816171229,0.0006000000284984708,2.8928229808807373,,,,,,
426,1.2863738536834717,0.7578125,0.0005993869272060692,0.0005993869272060692,0.0006000000284984708,,,,,,,
427,1.3445806503295898,0.734375,0.0005993869272060692,0.0005993869272060692,0.0006000000284984708,4.8708109855651855,,,,,,
428,1.3141536712646484,0.7578125,0.0005993492086417973,0.0005993492086417973,0.0006000000284984708,,,,,,,
429,1.334439754486084,0.7734375,0.0005993492086417973,0.0005993492086417973,0.0006000000284984708,2.8262317180633545,,,,,,
430,1.3288053274154663,0.734375,0.000599310384131968,0.000599310384131968,0.0006000000284984708,,,,,,,
431,1.4389886856079102,0.671875,0.000599310384131968,0.000599310384131968,0.0006000000284984708,3.6036739349365234,,,,,,
432,1.4718210697174072,0.6953125,0.0005992704536765814,0.0005992704536765814,0.0006000000284984708,,,,,,,
433,1.2394840717315674,0.765625,0.0005992704536765814,0.0005992704536765814,0.0006000000284984708,4.577052593231201,,,,,,
434,1.3520933389663696,0.75,0.0005992293590679765,0.0005992293590679765,0.0006000000284984708,,,,,,,
435,1.2019968032836914,0.78125,0.0005992293590679765,0.0005992293590679765,0.0006000000284984708,2.375375747680664,,,,,,
436,1.3992338180541992,0.6875,0.0005991871585138142,0.0005991871585138142,0.0006000000284984708,,,,,,,
437,1.4744418859481812,0.671875,0.0005991871585138142,0.0005991871585138142,0.0006000000284984708,5.505828380584717,,,,,,
438,1.4318093061447144,0.65625,0.0005991438520140946,0.0005991438520140946,0.0006000000284984708,,,,,,,
439,1.2548973560333252,0.7734375,0.0005991438520140946,0.0005991438520140946,0.0006000000284984708,3.56231689453125,,,,,,
440,1.235640525817871,0.796875,0.0005990993813611567,0.0005990993813611567,0.0006000000284984708,,,,,,,
441,1.3545914888381958,0.7109375,0.0005990993813611567,0.0005990993813611567,0.0006000000284984708,3.4730052947998047,,,,,,
442,1.3577786684036255,0.78125,0.0005990538047626615,0.0005990538047626615,0.0006000000284984708,,,,,,,
443,1.513871192932129,0.640625,0.0005990538047626615,0.0005990538047626615,0.0006000000284984708,3.512593984603882,,,,,,
444,1.3575584888458252,0.7578125,0.0005990071222186089,0.0005990071222186089,0.0006000000284984708,,,,,,,
445,1.2895753383636475,0.7421875,0.0005990071222186089,0.0005990071222186089,0.0006000000284984708,2.9136123657226562,,,,,,
446,1.333001732826233,0.7265625,0.0005989593337289989,0.0005989593337289989,0.0006000000284984708,,,,,,,
447,1.3394620418548584,0.75,0.0005989593337289989,0.0005989593337289989,0.0006000000284984708,3.949528455734253,,,,,,
448,1.3054029941558838,0.7421875,0.0005989103810861707,0.0005989103810861707,0.0006000000284984708,,,,,,,
449,1.3016985654830933,0.7578125,0.0005989103810861707,0.0005989103810861707,0.0006000000284984708,2.718806028366089,,,,,,
450,1.4540469646453857,0.671875,0.0005988603224977851,0.0005988603224977851,0.0006000000284984708,,,,,,,
451,1.3023569583892822,0.7890625,0.0005988603224977851,0.0005988603224977851,0.0006000000284984708,3.5507102012634277,,,,,,
452,1.544410228729248,0.640625,0.0005988091579638422,0.0005988091579638422,0.0006000000284984708,,,,,,,
453,1.358616828918457,0.7265625,0.0005988091579638422,0.0005988091579638422,0.0006000000284984708,2.9607174396514893,,,,,,
454,1.2557439804077148,0.7734375,0.000598756829276681,0.000598756829276681,0.0006000000284984708,,,,,,,
455,1.3779287338256836,0.734375,0.000598756829276681,0.000598756829276681,0.0006000000284984708,2.277139186859131,,,,,,
456,1.4001801013946533,0.703125,0.0005987033946439624,0.0005987033946439624,0.0006000000284984708,,,,,,,
457,1.4248450994491577,0.6953125,0.0005987033946439624,0.0005987033946439624,0.0006000000284984708,2.9041748046875,,,,,,
458,1.4080475568771362,0.6875,0.0005986488540656865,0.0005986488540656865,0.0006000000284984708,,,,,,,
459,1.413950800895691,0.7265625,0.0005986488540656865,0.0005986488540656865,0.0006000000284984708,2.874000310897827,,,,,,
460,1.3306140899658203,0.7734375,0.0005985932075418532,0.0005985932075418532,0.0006000000284984708,,,,,,,
461,1.4249091148376465,0.6875,0.0005985932075418532,0.0005985932075418532,0.0006000000284984708,2.70603609085083,,,,,,
462,1.1974163055419922,0.7578125,0.0005985363968648016,0.0005985363968648016,0.0006000000284984708,,,,,,,
463,1.1361854076385498,0.8203125,0.0005985363968648016,0.0005985363968648016,0.0006000000284984708,2.864356517791748,,,,,,
464,1.3808895349502563,0.6953125,0.0005984784802421927,0.0005984784802421927,0.0006000000284984708,,,,,,,
465,1.2929741144180298,0.7265625,0.0005984784802421927,0.0005984784802421927,0.0006000000284984708,2.4796297550201416,,,,,,
466,1.2416861057281494,0.78125,0.0005984194576740265,0.0005984194576740265,0.0006000000284984708,,,,,,,
467,1.3373969793319702,0.734375,0.0005984194576740265,0.0005984194576740265,0.0006000000284984708,2.5906918048858643,,,,,,
468,1.400495171546936,0.6875,0.0005983593291603029,0.0005983593291603029,0.0006000000284984708,,,,,,,
469,1.2771037817001343,0.734375,0.0005983593291603029,0.0005983593291603029,0.0006000000284984708,3.5929691791534424,,,,,,
470,1.2877882719039917,0.7421875,0.000598298036493361,0.000598298036493361,0.0006000000284984708,,,,,,,
471,1.3216009140014648,0.703125,0.000598298036493361,0.000598298036493361,0.0006000000284984708,2.6511642932891846,,,,,,
472,1.3076720237731934,0.78125,0.0005982356378808618,0.0005982356378808618,0.0006000000284984708,,,,,,,
473,1.2934510707855225,0.7421875,0.0005982356378808618,0.0005982356378808618,0.0006000000284984708,3.4209446907043457,,,,,,
474,1.3673558235168457,0.703125,0.0005981721333228052,0.0005981721333228052,0.0006000000284984708,,,,,,,
475,1.2035366296768188,0.796875,0.0005981721333228052,0.0005981721333228052,0.0006000000284984708,2.4246344566345215,,,,,,
476,1.324002742767334,0.7421875,0.0005981075228191912,0.0005981075228191912,0.0006000000284984708,,,,,,,
477,1.3153642416000366,0.765625,0.0005981075228191912,0.0005981075228191912,0.0006000000284984708,2.372328758239746,,,,,,
478,1.2410979270935059,0.765625,0.000598041748162359,0.000598041748162359,0.0006000000284984708,,,,,,,
479,1.4624830484390259,0.6640625,0.000598041748162359,0.000598041748162359,0.0006000000284984708,3.175076723098755,,,,,,
480,1.204258918762207,0.7578125,0.0005979748675599694,0.0005979748675599694,0.0006000000284984708,,,,,,,
481,1.2137659788131714,0.78125,0.0005979748675599694,0.0005979748675599694,0.0006000000284984708,2.471550226211548,,,,,,
482,1.2946646213531494,0.75,0.0005979068810120225,0.0005979068810120225,0.0006000000284984708,,,,,,,
483,1.2461512088775635,0.7734375,0.0005979068810120225,0.0005979068810120225,0.0006000000284984708,2.7973415851593018,,,,,,
484,1.1426327228546143,0.8203125,0.0005978377885185182,0.0005978377885185182,0.0006000000284984708,,,,,,,
485,1.4238590002059937,0.7109375,0.0005978377885185182,0.0005978377885185182,0.0006000000284984708,2.6961886882781982,,,,,,
486,1.3118053674697876,0.71875,0.0005977675900794566,0.0005977675900794566,0.0006000000284984708,,,,,,,
487,1.1995487213134766,0.78125,0.0005977675900794566,0.0005977675900794566,0.0006000000284984708,2.540729522705078,,,,,,
488,1.3685386180877686,0.7265625,0.0005976962274871767,0.0005976962274871767,0.0006000000284984708,,,,,,,
489,1.2147889137268066,0.8125,0.0005976962274871767,0.0005976962274871767,0.0006000000284984708,2.8276479244232178,,,,,,
490,1.2740039825439453,0.734375,0.0005976237589493394,0.0005976237589493394,0.0006000000284984708,,,,,,,
491,1.3788330554962158,0.6875,0.0005976237589493394,0.0005976237589493394,0.0006000000284984708,3.3494417667388916,,,,,,
492,1.3708703517913818,0.6953125,0.0005975501844659448,0.0005975501844659448,0.0006000000284984708,,,,,,,
493,1.2897815704345703,0.734375,0.0005975501844659448,0.0005975501844659448,0.0006000000284984708,2.3105063438415527,,,,,,
494,1.391988754272461,0.703125,0.0005974755040369928,0.0005974755040369928,0.0006000000284984708,,,,,,,
495,1.2501988410949707,0.7734375,0.0005974755040369928,0.0005974755040369928,0.0006000000284984708,2.916517734527588,,,,,,
496,1.1875147819519043,0.8203125,0.0005973997176624835,0.0005973997176624835,0.0006000000284984708,,,,,,,
497,1.3670966625213623,0.7265625,0.0005973997176624835,0.0005973997176624835,0.0006000000284984708,2.7791600227355957,,,,,,
498,1.221265196800232,0.796875,0.0005973227671347558,0.0005973227671347558,0.0006000000284984708,,,,,,,
499,1.1065001487731934,0.828125,0.0005973227671347558,0.0005973227671347558,0.0006000000284984708,3.000281572341919,,,,,,
500,1.2004783153533936,0.796875,0.0005972447106614709,0.0005972447106614709,0.0006000000284984708,,,,,,,
501,1.1769306659698486,0.7734375,0.0005972447106614709,0.0005972447106614709,0.0006000000284984708,3.892871618270874,,,,,,
502,1.247775912284851,0.75,0.0005971655482426286,0.0005971655482426286,0.0006000000284984708,,,,,,,
503,1.2943557500839233,0.71875,0.0005971655482426286,0.0005971655482426286,0.0006000000284984708,2.636263132095337,,,,,,
504,1.216522455215454,0.7890625,0.0005970852798782289,0.0005970852798782289,0.0006000000284984708,,,,,,,
505,1.1640281677246094,0.796875,0.0005970852798782289,0.0005970852798782289,0.0006000000284984708,2.71376895904541,,,,,,
506,1.384585976600647,0.7109375,0.0005970039055682719,0.0005970039055682719,0.0006000000284984708,,,,,,,
507,1.2451612949371338,0.7734375,0.0005970039055682719,0.0005970039055682719,0.0006000000284984708,3.982954740524292,,,,,,
508,1.20018470287323,0.796875,0.0005969213671050966,0.0005969213671050966,0.0006000000284984708,,,,,,,
509,1.2601920366287231,0.71875,0.0005969213671050966,0.0005969213671050966,0.0006000000284984708,2.563490867614746,,,,,,
510,1.368225336074829,0.7578125,0.0005968377809040248,0.0005968377809040248,0.0006000000284984708,,,,,,,
511,1.2876434326171875,0.78125,0.0005968377809040248,0.0005968377809040248,0.0006000000284984708,2.481501579284668,,,,,,
512,1.3646843433380127,0.71875,0.0005967530305497348,0.0005967530305497348,0.0006000000284984708,,,,,,,
513,1.285986304283142,0.7578125,0.0005967530305497348,0.0005967530305497348,0.0006000000284984708,5.096200942993164,,,,,,
514,1.2599754333496094,0.7578125,0.0005966671742498875,0.0005966671742498875,0.0006000000284984708,,,,,,,
515,1.3359436988830566,0.734375,0.0005966671742498875,0.0005966671742498875,0.0006000000284984708,2.2982370853424072,,,,,,
516,1.0775175094604492,0.8515625,0.0005965802120044827,0.0005965802120044827,0.0006000000284984708,,,,,,,
517,1.225754976272583,0.7890625,0.0005965802120044827,0.0005965802120044827,0.0006000000284984708,2.4665679931640625,,,,,,
518,1.2992300987243652,0.7421875,0.0005964921438135207,0.0005964921438135207,0.0006000000284984708,,,,,,,
519,1.2238457202911377,0.75,0.0005964921438135207,0.0005964921438135207,0.0006000000284984708,3.438991069793701,,,,,,
520,1.2975826263427734,0.734375,0.0005964029696770012,0.0005964029696770012,0.0006000000284984708,,,,,,,
521,1.4552713632583618,0.6640625,0.0005964029696770012,0.0005964029696770012,0.0006000000284984708,3.100803852081299,,,,,,
522,1.2145497798919678,0.78125,0.0005963126313872635,0.0005963126313872635,0.0006000000284984708,,,,,,,
523,1.2648682594299316,0.75,0.0005963126313872635,0.0005963126313872635,0.0006000000284984708,2.8564021587371826,,,,,,
524,1.2340257167816162,0.765625,0.0005962212453596294,0.0005962212453596294,0.0006000000284984708,,,,,,,
525,1.2446472644805908,0.7421875,0.0005962212453596294,0.0005962212453596294,0.0006000000284984708,2.536250114440918,,,,,,
526,1.1108918190002441,0.828125,0.000596128695178777,0.000596128695178777,0.0006000000284984708,,,,,,,
527,1.2192378044128418,0.7734375,0.000596128695178777,0.000596128695178777,0.0006000000284984708,2.293827772140503,,,,,,
528,1.363111972808838,0.6875,0.0005960350972600281,0.0005960350972600281,0.0006000000284984708,,,,,,,
529,1.19053316116333,0.8046875,0.0005960350972600281,0.0005960350972600281,0.0006000000284984708,2.6089835166931152,,,,,,
530,1.2126502990722656,0.7734375,0.000595940335188061,0.000595940335188061,0.0006000000284984708,,,,,,,
531,1.1921944618225098,0.8046875,0.000595940335188061,0.000595940335188061,0.0006000000284984708,1.7795453071594238,,,,,,
532,1.116222858428955,0.828125,0.0005958444671705365,0.0005958444671705365,0.0006000000284984708,,,,,,,
533,1.304336428642273,0.7734375,0.0005958444671705365,0.0005958444671705365,0.0006000000284984708,2.5566861629486084,,,,,,
534,1.1005382537841797,0.828125,0.0005957474932074547,0.0005957474932074547,0.0006000000284984708,,,,,,,
535,1.2017712593078613,0.8125,0.0005957474932074547,0.0005957474932074547,0.0006000000284984708,2.715792179107666,,,,,,
536,1.401703119277954,0.7265625,0.0005956494132988155,0.0005956494132988155,0.0006000000284984708,,,,,,,
537,1.0189061164855957,0.875,0.0005956494132988155,0.0005956494132988155,0.0006000000284984708,2.3840622901916504,,,,,,
538,1.2295966148376465,0.765625,0.0005955502274446189,0.0005955502274446189,0.0006000000284984708,,,,,,,
539,1.2081928253173828,0.796875,0.0005955502274446189,0.0005955502274446189,0.0006000000284984708,2.4438672065734863,,,,,,
540,1.1867027282714844,0.796875,0.000595449935644865,0.000595449935644865,0.0006000000284984708,,,,,,,
541,1.1450709104537964,0.8046875,0.000595449935644865,0.000595449935644865,0.0006000000284984708,2.4112017154693604,,,,,,
542,1.1992223262786865,0.7890625,0.0005953485378995538,0.0005953485378995538,0.0006000000284984708,,,,,,,
543,1.104579210281372,0.8203125,0.0005953485378995538,0.0005953485378995538,0.0006000000284984708,2.8920204639434814,,,,,,
544,1.135174036026001,0.828125,0.0005952459760010242,0.0005952459760010242,0.0006000000284984708,,,,,,,
545,1.2733197212219238,0.75,0.0005952459760010242,0.0005952459760010242,0.0006000000284984708,3.292473077774048,,,,,,
546,1.381343126296997,0.6875,0.0005951423663645983,0.0005951423663645983,0.0006000000284984708,,,,,,,
547,1.273471713066101,0.7734375,0.0005951423663645983,0.0005951423663645983,0.0006000000284984708,3.892432689666748,,,,,,
548,1.2324954271316528,0.765625,0.000595037650782615,0.000595037650782615,0.0006000000284984708,,,,,,,
549,1.244831919670105,0.796875,0.000595037650782615,0.000595037650782615,0.0006000000284984708,2.529264450073242,,,,,,
550,1.1370010375976562,0.8203125,0.0005949317710474133,0.0005949317710474133,0.0006000000284984708,,,,,,,
551,1.2957496643066406,0.734375,0.0005949317710474133,0.0005949317710474133,0.0006000000284984708,2.606626510620117,,,,,,
552,1.19101881980896,0.7890625,0.0005948248435743153,0.0005948248435743153,0.0006000000284984708,,,,,,,
553,1.302895426750183,0.7734375,0.0005948248435743153,0.0005948248435743153,0.0006000000284984708,2.571895122528076,,,,,,
554,1.1536911725997925,0.8125,0.000594716751947999,0.000594716751947999,0.0006000000284984708,,,,,,,
555,1.126431941986084,0.8125,0.000594716751947999,0.000594716751947999,0.0006000000284984708,2.7161848545074463,,,,,,
556,1.1159111261367798,0.8125,0.0005946076125837862,0.0005946076125837862,0.0006000000284984708,,,,,,,
557,1.1506837606430054,0.796875,0.0005946076125837862,0.0005946076125837862,0.0006000000284984708,1.8536475896835327,,,,,,
558,1.2536102533340454,0.765625,0.0005944973672740161,0.0005944973672740161,0.0006000000284984708,,,,,,,
559,1.170288324356079,0.84375,0.0005944973672740161,0.0005944973672740161,0.0006000000284984708,2.3730432987213135,,,,,,
560,1.1336474418640137,0.796875,0.0005943859578110278,0.0005943859578110278,0.0006000000284984708,,,,,,,
561,1.1871006488800049,0.765625,0.0005943859578110278,0.0005943859578110278,0.0006000000284984708,2.344891309738159,,,,,,
562,1.086700201034546,0.8203125,0.000594273500610143,0.000594273500610143,0.0006000000284984708,,,,,,,
563,1.2693982124328613,0.734375,0.000594273500610143,0.000594273500610143,0.0006000000284984708,2.1581368446350098,,,,,,
564,1.316339373588562,0.71875,0.0005941598792560399,0.0005941598792560399,0.0006000000284984708,,,,,,,
565,1.2403156757354736,0.8046875,0.0005941598792560399,0.0005941598792560399,0.0006000000284984708,2.2542123794555664,,,,,,
566,1.1778526306152344,0.8203125,0.0005940452101640403,0.0005940452101640403,0.0006000000284984708,,,,,,,
567,1.2238595485687256,0.7578125,0.0005940452101640403,0.0005940452101640403,0.0006000000284984708,2.8720202445983887,,,,,,
568,1.0375099182128906,0.8515625,0.0005939294351264834,0.0005939294351264834,0.0006000000284984708,,,,,,,
569,1.3747632503509521,0.734375,0.0005939294351264834,0.0005939294351264834,0.0006000000284984708,3.6595089435577393,,,,,,
570,1.0844582319259644,0.8203125,0.0005938124959357083,0.0005938124959357083,0.0006000000284984708,,,,,,,
571,1.1827974319458008,0.8046875,0.0005938124959357083,0.0005938124959357083,0.0006000000284984708,2.8434574604034424,,,,,,
572,1.213965892791748,0.8046875,0.0005936945090070367,0.0005936945090070367,0.0006000000284984708,,,,,,,
573,1.1495376825332642,0.8125,0.0005936945090070367,0.0005936945090070367,0.0006000000284984708,2.667870283126831,,,,,,
574,1.1314715147018433,0.8125,0.0005935754161328077,0.0005935754161328077,0.0006000000284984708,,,,,,,
575,1.240898609161377,0.78125,0.0005935754161328077,0.0005935754161328077,0.0006000000284984708,2.3316280841827393,,,,,,
576,1.0874381065368652,0.8828125,0.0005934552173130214,0.0005934552173130214,0.0006000000284984708,,,,,,,
577,1.1675083637237549,0.828125,0.0005934552173130214,0.0005934552173130214,0.0006000000284984708,2.4799129962921143,,,,,,
578,1.2282888889312744,0.7890625,0.0005933339125476778,0.0005933339125476778,0.0006000000284984708,,,,,,,
579,1.0797221660614014,0.8515625,0.0005933339125476778,0.0005933339125476778,0.0006000000284984708,2.2749483585357666,,,,,,
580,1.1491048336029053,0.7734375,0.0005932115018367767,0.0005932115018367767,0.0006000000284984708,,,,,,,
581,1.321566104888916,0.765625,0.0005932115018367767,0.0005932115018367767,0.0006000000284984708,3.0717434883117676,,,,,,
582,1.1630582809448242,0.7734375,0.0005930879851803184,0.0005930879851803184,0.0006000000284984708,,,,,,,
583,1.230468988418579,0.7578125,0.0005930879851803184,0.0005930879851803184,0.0006000000284984708,2.5620338916778564,,,,,,
584,1.1654698848724365,0.7890625,0.0005929633625783026,0.0005929633625783026,0.0006000000284984708,,,,,,,
585,1.1426382064819336,0.8046875,0.0005929633625783026,0.0005929633625783026,0.0006000000284984708,2.5382821559906006,,,,,,
586,1.1575679779052734,0.8125,0.0005928376340307295,0.0005928376340307295,0.0006000000284984708,,,,,,,
587,1.1335521936416626,0.8125,0.0005928376340307295,0.0005928376340307295,0.0006000000284984708,1.9889495372772217,,,,,,
588,1.0798033475875854,0.828125,0.00059271085774526,0.00059271085774526,0.0006000000284984708,,,,,,,
589,1.1370902061462402,0.7890625,0.00059271085774526,0.00059271085774526,0.0006000000284984708,2.6207056045532227,,,,,,
590,1.0446416139602661,0.859375,0.0005925829173065722,0.0005925829173065722,0.0006000000284984708,,,,,,,
591,0.997342586517334,0.8984375,0.0005925829173065722,0.0005925829173065722,0.0006000000284984708,1.8006459474563599,,,,,,
592,1.1512830257415771,0.8046875,0.000592453929129988,0.000592453929129988,0.0006000000284984708,,,,,,,
593,1.1614781618118286,0.796875,0.000592453929129988,0.000592453929129988,0.0006000000284984708,2.343876361846924,,,,,,
594,1.0371936559677124,0.859375,0.0005923238350078464,0.0005923238350078464,0.0006000000284984708,,,,,,,
595,1.2457430362701416,0.8046875,0.0005923238350078464,0.0005923238350078464,0.0006000000284984708,3.2022879123687744,,,,,,
596,1.2969021797180176,0.75,0.0005921926349401474,0.0005921926349401474,0.0006000000284984708,,,,,,,
597,1.1190910339355469,0.84375,0.0005921926349401474,0.0005921926349401474,0.0006000000284984708,2.920114517211914,,,,,,
598,1.110123634338379,0.828125,0.0005920603289268911,0.0005920603289268911,0.0006000000284984708,,,,,,,
599,1.0759851932525635,0.8203125,0.0005920603289268911,0.0005920603289268911,0.0006000000284984708,2.085712194442749,,,,,,
600,1.1713050603866577,0.8125,0.0005919269169680774,0.0005919269169680774,0.0006000000284984708,,,,,,,
601,1.201538324356079,0.796875,0.0005919269169680774,0.0005919269169680774,0.0006000000284984708,2.6496145725250244,,,,,,
602,1.2101466655731201,0.7578125,0.0005917924572713673,0.0005917924572713673,0.0006000000284984708,,,,,,,
603,1.1302076578140259,0.8046875,0.0005917924572713673,0.0005917924572713673,0.0006000000284984708,2.1033785343170166,,,,,,
604,1.0683847665786743,0.8671875,0.0005916568334214389,0.0005916568334214389,0.0006000000284984708,,,,,,,
605,1.2470892667770386,0.8046875,0.0005916568334214389,0.0005916568334214389,0.0006000000284984708,2.4895482063293457,,,,,,
606,1.039910912513733,0.859375,0.0005915201618336141,0.0005915201618336141,0.0006000000284984708,,,,,,,
607,1.0866742134094238,0.8671875,0.0005915201618336141,0.0005915201618336141,0.0006000000284984708,2.739931583404541,,,,,,
608,1.064906120300293,0.8671875,0.0005913823843002319,0.0005913823843002319,0.0006000000284984708,,,,,,,
609,1.0764415264129639,0.84375,0.0005913823843002319,0.0005913823843002319,0.0006000000284984708,3.9471099376678467,,,,,,
610,1.0870821475982666,0.859375,0.0005912435590289533,0.0005912435590289533,0.0006000000284984708,,,,,,,
611,1.2071943283081055,0.7890625,0.0005912435590289533,0.0005912435590289533,0.0006000000284984708,2.6355655193328857,,,,,,
612,1.0594794750213623,0.859375,0.0005911035696044564,0.0005911035696044564,0.0006000000284984708,,,,,,,
613,1.1177971363067627,0.828125,0.0005911035696044564,0.0005911035696044564,0.0006000000284984708,2.175640106201172,,,,,,
614,1.0704450607299805,0.859375,0.0005909625324420631,0.0005909625324420631,0.0006000000284984708,,,,,,,
615,1.0851293802261353,0.8203125,0.0005909625324420631,0.0005909625324420631,0.0006000000284984708,1.8251808881759644,,,,,,
616,1.2148394584655762,0.8125,0.0005908203893341124,0.0005908203893341124,0.0006000000284984708,,,,,,,
617,1.2039196491241455,0.7890625,0.0005908203893341124,0.0005908203893341124,0.0006000000284984708,2.918309211730957,,,,,,
618,1.2374848127365112,0.78125,0.0005906771402806044,0.0005906771402806044,0.0006000000284984708,,,,,,,
619,1.2419354915618896,0.7890625,0.0005906771402806044,0.0005906771402806044,0.0006000000284984708,2.430678606033325,,,,,,
620,1.1552987098693848,0.8125,0.000590532785281539,0.000590532785281539,0.0006000000284984708,,,,,,,
621,1.3109573125839233,0.765625,0.000590532785281539,0.000590532785281539,0.0006000000284984708,2.2989957332611084,,,,,,
622,1.1359572410583496,0.8125,0.0005903873825445771,0.0005903873825445771,0.0006000000284984708,,,,,,,
623,1.1877083778381348,0.765625,0.0005903873825445771,0.0005903873825445771,0.0006000000284984708,2.326476573944092,,,,,,
624,1.10182523727417,0.84375,0.0005902408738620579,0.0005902408738620579,0.0006000000284984708,,,,,,,
625,1.2285194396972656,0.78125,0.0005902408738620579,0.0005902408738620579,0.0006000000284984708,3.8255324363708496,,,,,,
626,1.270508050918579,0.7265625,0.0005900932592339814,0.0005900932592339814,0.0006000000284984708,,,,,,,
627,0.910441517829895,0.90625,0.0005900932592339814,0.0005900932592339814,0.0006000000284984708,2.47367000579834,,,,,,
628,0.9973927736282349,0.8515625,0.0005899445386603475,0.0005899445386603475,0.0006000000284984708,,,,,,,
629,1.1262929439544678,0.828125,0.0005899445386603475,0.0005899445386603475,0.0006000000284984708,2.0174732208251953,,,,,,
630,1.1109539270401,0.8203125,0.0005897947703488171,0.0005897947703488171,0.0006000000284984708,,,,,,,
631,1.093631625175476,0.84375,0.0005897947703488171,0.0005897947703488171,0.0006000000284984708,3.1102099418640137,,,,,,
632,1.1882686614990234,0.796875,0.0005896438960917294,0.0005896438960917294,0.0006000000284984708,,,,,,,
633,1.1358015537261963,0.8125,0.0005896438960917294,0.0005896438960917294,0.0006000000284984708,4.508790493011475,,,,,,
634,1.0912271738052368,0.828125,0.0005894919740967453,0.0005894919740967453,0.0006000000284984708,,,,,,,
635,1.1617168188095093,0.7890625,0.0005894919740967453,0.0005894919740967453,0.0006000000284984708,3.0389392375946045,,,,,,
636,1.2338166236877441,0.7578125,0.0005893389461562037,0.0005893389461562037,0.0006000000284984708,,,,,,,
637,1.0497405529022217,0.8515625,0.0005893389461562037,0.0005893389461562037,0.0006000000284984708,2.235811710357666,,,,,,
638,1.1773512363433838,0.78125,0.0005891848122701049,0.0005891848122701049,0.0006000000284984708,,,,,,,
639,1.0588736534118652,0.859375,0.0005891848122701049,0.0005891848122701049,0.0006000000284984708,3.774855136871338,,,,,,
640,1.1190534830093384,0.828125,0.0005890295724384487,0.0005890295724384487,0.0006000000284984708,,,,,,,
641,1.2981921434402466,0.7421875,0.0005890295724384487,0.0005890295724384487,0.0006000000284984708,3.9948933124542236,,,,,,
642,1.0551955699920654,0.859375,0.000588873284868896,0.000588873284868896,0.0006000000284984708,,,,,,,
643,0.9992056488990784,0.8828125,0.000588873284868896,0.000588873284868896,0.0006000000284984708,2.3669936656951904,,,,,,
644,1.133594036102295,0.7890625,0.000588715891353786,0.000588715891353786,0.0006000000284984708,,,,,,,
645,0.9412205815315247,0.90625,0.000588715891353786,0.000588715891353786,0.0006000000284984708,2.9000437259674072,,,,,,
646,1.1577484607696533,0.8203125,0.0005885574501007795,0.0005885574501007795,0.0006000000284984708,,,,,,,
647,1.0956437587738037,0.8046875,0.0005885574501007795,0.0005885574501007795,0.0006000000284984708,2.798414945602417,,,,,,
648,1.0930380821228027,0.8359375,0.0005883979029022157,0.0005883979029022157,0.0006000000284984708,,,,,,,
649,1.091503620147705,0.8359375,0.0005883979029022157,0.0005883979029022157,0.0006000000284984708,2.8839852809906006,,,,,,
650,1.0920664072036743,0.828125,0.0005882372497580945,0.0005882372497580945,0.0006000000284984708,,,,,,,
651,1.132423758506775,0.796875,0.0005882372497580945,0.0005882372497580945,0.0006000000284984708,4.847460746765137,,,,,,
652,1.1340534687042236,0.8203125,0.0005880755488760769,0.0005880755488760769,0.0006000000284984708,,,,,,,
653,1.1142902374267578,0.8046875,0.0005880755488760769,0.0005880755488760769,0.0006000000284984708,3.3082027435302734,,,,,,
654,1.207555890083313,0.7421875,0.000587912742048502,0.000587912742048502,0.0006000000284984708,,,,,,,
655,1.2319183349609375,0.765625,0.000587912742048502,0.000587912742048502,0.0006000000284984708,3.013212203979492,,,,,,
656,1.0983821153640747,0.8671875,0.0005877488292753696,0.0005877488292753696,0.0006000000284984708,,,,,,,
657,1.1273398399353027,0.8203125,0.0005877488292753696,0.0005877488292753696,0.0006000000284984708,2.8339245319366455,,,,,,
658,1.194547176361084,0.8203125,0.0005875838687643409,0.0005875838687643409,0.0006000000284984708,,,,,,,
659,1.1791921854019165,0.8125,0.0005875838687643409,0.0005875838687643409,0.0006000000284984708,2.102989435195923,,,,,,
660,1.0314339399337769,0.859375,0.0005874178605154157,0.0005874178605154157,0.0006000000284984708,,,,,,,
661,1.144038438796997,0.7890625,0.0005874178605154157,0.0005874178605154157,0.0006000000284984708,4.172275543212891,,,,,,
662,1.1655927896499634,0.7890625,0.0005872507463209331,0.0005872507463209331,0.0006000000284984708,,,,,,,
663,0.9476168155670166,0.90625,0.0005872507463209331,0.0005872507463209331,0.0006000000284984708,3.176072120666504,,,,,,
664,1.0984101295471191,0.8203125,0.0005870825261808932,0.0005870825261808932,0.0006000000284984708,,,,,,,
665,1.032027244567871,0.859375,0.0005870825261808932,0.0005870825261808932,0.0006000000284984708,2.785456895828247,,,,,,
666,1.1704914569854736,0.78125,0.0005869132583029568,0.0005869132583029568,0.0006000000284984708,,,,,,,
667,1.151536226272583,0.8203125,0.0005869132583029568,0.0005869132583029568,0.0006000000284984708,2.2826144695281982,,,,,,
668,1.077047348022461,0.84375,0.000586742942687124,0.000586742942687124,0.0006000000284984708,,,,,,,
669,1.1562232971191406,0.7890625,0.000586742942687124,0.000586742942687124,0.0006000000284984708,2.3937442302703857,,,,,,
670,1.1554584503173828,0.78125,0.0005865715211257339,0.0005865715211257339,0.0006000000284984708,,,,,,,
671,1.253340482711792,0.78125,0.0005865715211257339,0.0005865715211257339,0.0006000000284984708,3.579373359680176,,,,,,
672,1.4074759483337402,0.7109375,0.0005863989936187863,0.0005863989936187863,0.0006000000284984708,,,,,,,
673,1.0304181575775146,0.8359375,0.0005863989936187863,0.0005863989936187863,0.0006000000284984708,2.7627828121185303,,,,,,
674,1.1302223205566406,0.8203125,0.0005862254183739424,0.0005862254183739424,0.0006000000284984708,,,,,,,
675,1.1129564046859741,0.8359375,0.0005862254183739424,0.0005862254183739424,0.0006000000284984708,2.4730489253997803,,,,,,
676,1.0175896883010864,0.8828125,0.000586050795391202,0.000586050795391202,0.0006000000284984708,,,,,,,
677,1.2332223653793335,0.78125,0.000586050795391202,0.000586050795391202,0.0006000000284984708,2.2951419353485107,,,,,,
678,1.0151190757751465,0.8203125,0.0005858750664629042,0.0005858750664629042,0.0006000000284984708,,,,,,,
679,1.0777523517608643,0.875,0.0005858750664629042,0.0005858750664629042,0.0006000000284984708,3.312234401702881,,,,,,
680,1.1017390489578247,0.84375,0.0005856982315890491,0.0005856982315890491,0.0006000000284984708,,,,,,,
681,1.068473219871521,0.84375,0.0005856982315890491,0.0005856982315890491,0.0006000000284984708,2.724925994873047,,,,,,
682,1.2030748128890991,0.7890625,0.0005855203489772975,0.0005855203489772975,0.0006000000284984708,,,,,,,
683,1.0945290327072144,0.8046875,0.0005855203489772975,0.0005855203489772975,0.0006000000284984708,3.7538363933563232,,,,,,
684,1.0593881607055664,0.84375,0.0005853414186276495,0.0005853414186276495,0.0006000000284984708,,,,,,,
685,1.1858558654785156,0.8046875,0.0005853414186276495,0.0005853414186276495,0.0006000000284984708,3.748386859893799,,,,,,
686,1.1699516773223877,0.8046875,0.0005851614405401051,0.0005851614405401051,0.0006000000284984708,,,,,,,
687,1.0614333152770996,0.8125,0.0005851614405401051,0.0005851614405401051,0.0006000000284984708,2.873781442642212,,,,,,
688,1.1053071022033691,0.84375,0.0005849802982993424,0.0005849802982993424,0.0006000000284984708,,,,,,,
689,1.1637744903564453,0.7890625,0.0005849802982993424,0.0005849802982993424,0.0006000000284984708,2.3075740337371826,,,,,,
690,1.0937252044677734,0.8203125,0.0005847981665283442,0.0005847981665283442,0.0006000000284984708,,,,,,,
691,1.1781575679779053,0.8046875,0.0005847981665283442,0.0005847981665283442,0.0006000000284984708,3.0692718029022217,,,,,,
692,1.1266545057296753,0.8203125,0.0005846149288117886,0.0005846149288117886,0.0006000000284984708,,,,,,,
693,1.1736983060836792,0.796875,0.0005846149288117886,0.0005846149288117886,0.0006000000284984708,2.7314977645874023,,,,,,
694,1.1020828485488892,0.8125,0.0005844306433573365,0.0005844306433573365,0.0006000000284984708,,,,,,,
695,1.1668660640716553,0.7890625,0.0005844306433573365,0.0005844306433573365,0.0006000000284984708,2.5868499279022217,,,,,,
696,0.9679374694824219,0.8671875,0.000584245310164988,0.000584245310164988,0.0006000000284984708,,,,,,,
697,1.0805883407592773,0.8515625,0.000584245310164988,0.000584245310164988,0.0006000000284984708,2.9922935962677,,,,,,
698,0.9775018692016602,0.8828125,0.0005840588710270822,0.0005840588710270822,0.0006000000284984708,,,,,,,
699,1.058427095413208,0.8359375,0.0005840588710270822,0.0005840588710270822,0.0006000000284984708,3.0742030143737793,,,,,,
700,1.0988579988479614,0.8359375,0.0005838713841512799,0.0005838713841512799,0.0006000000284984708,,,,,,,
701,1.0666413307189941,0.828125,0.0005838713841512799,0.0005838713841512799,0.0006000000284984708,2.2537593841552734,,,,,,
702,1.1150658130645752,0.8203125,0.0005836827913299203,0.0005836827913299203,0.0006000000284984708,,,,,,,
703,1.0718812942504883,0.8359375,0.0005836827913299203,0.0005836827913299203,0.0006000000284984708,2.4268295764923096,,,,,,
704,1.1208360195159912,0.8046875,0.0005834932089783251,0.0005834932089783251,0.0006000000284984708,,,,,,,
705,1.0934520959854126,0.8125,0.0005834932089783251,0.0005834932089783251,0.0006000000284984708,2.988807201385498,,,,,,
706,1.0824902057647705,0.8515625,0.0005833025206811726,0.0005833025206811726,0.0006000000284984708,,,,,,,
707,1.1580467224121094,0.8359375,0.0005833025206811726,0.0005833025206811726,0.0006000000284984708,2.452054023742676,,,,,,
708,1.1731715202331543,0.8125,0.0005831107264384627,0.0005831107264384627,0.0006000000284984708,,,,,,,
709,1.0796605348587036,0.8203125,0.0005831107264384627,0.0005831107264384627,0.0006000000284984708,2.6532769203186035,,,,,,
710,1.123030185699463,0.8125,0.0005829179426655173,0.0005829179426655173,0.0006000000284984708,,,,,,,
711,1.1314773559570312,0.828125,0.0005829179426655173,0.0005829179426655173,0.0006000000284984708,2.738626003265381,,,,,,
712,1.1172926425933838,0.828125,0.0005827240529470146,0.0005827240529470146,0.0006000000284984708,,,,,,,
713,1.171303153038025,0.75,0.0005827240529470146,0.0005827240529470146,0.0006000000284984708,2.3497679233551025,,,,,,
714,1.0133055448532104,0.84375,0.0005825291154906154,0.0005825291154906154,0.0006000000284984708,,,,,,,
715,1.0246775150299072,0.890625,0.0005825291154906154,0.0005825291154906154,0.0006000000284984708,2.7913966178894043,,,,,,
716,0.9917036294937134,0.8515625,0.0005823331302963197,0.0005823331302963197,0.0006000000284984708,,,,,,,
717,1.0831122398376465,0.8359375,0.0005823331302963197,0.0005823331302963197,0.0006000000284984708,2.1988396644592285,,,,,,
718,0.9940411448478699,0.875,0.0005821360391564667,0.0005821360391564667,0.0006000000284984708,,,,,,,
719,1.113194465637207,0.8046875,0.0005821360391564667,0.0005821360391564667,0.0006000000284984708,1.928361177444458,,,,,,
720,1.1438653469085693,0.8203125,0.0005819379584863782,0.0005819379584863782,0.0006000000284984708,,,,,,,
721,1.179005742073059,0.78125,0.0005819379584863782,0.0005819379584863782,0.0006000000284984708,3.7949469089508057,,,,,,
722,1.0194973945617676,0.8984375,0.0005817387718707323,0.0005817387718707323,0.0006000000284984708,,,,,,,
723,1.1576108932495117,0.8046875,0.0005817387718707323,0.0005817387718707323,0.0006000000284984708,2.7676820755004883,,,,,,
724,1.1459522247314453,0.8359375,0.00058153853751719,0.00058153853751719,0.0006000000284984708,,,,,,,
725,1.042578935623169,0.8515625,0.00058153853751719,0.00058153853751719,0.0006000000284984708,2.8613085746765137,,,,,,
726,1.1108107566833496,0.8359375,0.0005813372554257512,0.0005813372554257512,0.0006000000284984708,,,,,,,
727,1.086633563041687,0.8359375,0.0005813372554257512,0.0005813372554257512,0.0006000000284984708,2.4842889308929443,,,,,,
728,1.1241374015808105,0.828125,0.0005811348673887551,0.0005811348673887551,0.0006000000284984708,,,,,,,
729,1.1852232217788696,0.78125,0.0005811348673887551,0.0005811348673887551,0.0006000000284984708,3.698396921157837,,,,,,
730,1.050752878189087,0.8046875,0.0005809314898215234,0.0005809314898215234,0.0006000000284984708,,,,,,,
731,1.231473684310913,0.7578125,0.0005809314898215234,0.0005809314898215234,0.0006000000284984708,2.950575351715088,,,,,,
732,1.1143360137939453,0.8046875,0.0005807270063087344,0.0005807270063087344,0.0006000000284984708,,,,,,,
733,1.0271356105804443,0.84375,0.0005807270063087344,0.0005807270063087344,0.0006000000284984708,3.12976336479187,,,,,,
734,1.031089425086975,0.8515625,0.0005805215332657099,0.0005805215332657099,0.0006000000284984708,,,,,,,
735,1.0536589622497559,0.8515625,0.0005805215332657099,0.0005805215332657099,0.0006000000284984708,3.7577693462371826,,,,,,
736,1.0315067768096924,0.8671875,0.000580314954277128,0.000580314954277128,0.0006000000284984708,,,,,,,
737,1.0595555305480957,0.8203125,0.000580314954277128,0.000580314954277128,0.0006000000284984708,2.950300693511963,,,,,,
738,1.1574313640594482,0.78125,0.0005801073275506496,0.0005801073275506496,0.0006000000284984708,,,,,,,
739,0.9717679023742676,0.8984375,0.0005801073275506496,0.0005801073275506496,0.0006000000284984708,3.275216817855835,,,,,,
740,1.0839234590530396,0.8359375,0.0005798986530862749,0.0005798986530862749,0.0006000000284984708,,,,,,,
741,1.1329057216644287,0.8359375,0.0005798986530862749,0.0005798986530862749,0.0006000000284984708,2.544537305831909,,,,,,
742,1.0276224613189697,0.859375,0.0005796889308840036,0.0005796889308840036,0.0006000000284984708,,,,,,,
743,1.1951463222503662,0.78125,0.0005796889308840036,0.0005796889308840036,0.0006000000284984708,2.622246503829956,,,,,,
744,1.1156209707260132,0.7734375,0.000579478160943836,0.000579478160943836,0.0006000000284984708,,,,,,,
745,1.061342477798462,0.8515625,0.000579478160943836,0.000579478160943836,0.0006000000284984708,2.0527305603027344,,,,,,
746,1.0956661701202393,0.8359375,0.0005792663432657719,0.0005792663432657719,0.0006000000284984708,,,,,,,
747,1.0978525876998901,0.8203125,0.0005792663432657719,0.0005792663432657719,0.0006000000284984708,2.376962661743164,,,,,,
748,1.0978184938430786,0.828125,0.0005790534778498113,0.0005790534778498113,0.0006000000284984708,,,,,,,
749,1.1584458351135254,0.7890625,0.0005790534778498113,0.0005790534778498113,0.0006000000284984708,3.7425386905670166,,,,,,
750,1.0817146301269531,0.8515625,0.0005788395646959543,0.0005788395646959543,0.0006000000284984708,,,,,,,
751,1.1054599285125732,0.8203125,0.0005788395646959543,0.0005788395646959543,0.0006000000284984708,2.058529853820801,,,,,,
752,0.9785661697387695,0.859375,0.0005786246038042009,0.0005786246038042009,0.0006000000284984708,,,,,,,
753,1.0022318363189697,0.8515625,0.0005786246038042009,0.0005786246038042009,0.0006000000284984708,2.2472774982452393,,,,,,
754,1.0308468341827393,0.84375,0.000578408595174551,0.000578408595174551,0.0006000000284984708,,,,,,,
755,1.0726675987243652,0.828125,0.000578408595174551,0.000578408595174551,0.0006000000284984708,2.3205347061157227,,,,,,
756,1.0741519927978516,0.8359375,0.0005781915388070047,0.0005781915388070047,0.0006000000284984708,,,,,,,
757,1.0171637535095215,0.8515625,0.0005781915388070047,0.0005781915388070047,0.0006000000284984708,2.1991021633148193,,,,,,
758,1.1483774185180664,0.8359375,0.0005779734929092228,0.0005779734929092228,0.0006000000284984708,,,,,,,
759,0.9968839287757874,0.8828125,0.0005779734929092228,0.0005779734929092228,0.0006000000284984708,2.04192852973938,,,,,,
760,1.1388932466506958,0.8125,0.0005777543410658836,0.0005777543410658836,0.0006000000284984708,,,,,,,
761,1.0661656856536865,0.859375,0.0005777543410658836,0.0005777543410658836,0.0006000000284984708,2.729055404663086,,,,,,
762,1.027374029159546,0.8515625,0.000577534141484648,0.000577534141484648,0.0006000000284984708,,,,,,,
763,1.0935922861099243,0.8125,0.000577534141484648,0.000577534141484648,0.0006000000284984708,2.3038697242736816,,,,,,
764,1.0840922594070435,0.8515625,0.0005773128941655159,0.0005773128941655159,0.0006000000284984708,,,,,,,
765,1.0098761320114136,0.875,0.0005773128941655159,0.0005773128941655159,0.0006000000284984708,2.119270086288452,,,,,,
766,1.0140527486801147,0.859375,0.0005770906573161483,0.0005770906573161483,0.0006000000284984708,,,,,,,
767,1.161238193511963,0.8125,0.0005770906573161483,0.0005770906573161483,0.0006000000284984708,2.369825601577759,,,,,,
768,0.9628101587295532,0.859375,0.0005768673727288842,0.0005768673727288842,0.0006000000284984708,,,,,,,
769,0.9978972673416138,0.8828125,0.0005768673727288842,0.0005768673727288842,0.0006000000284984708,2.444603204727173,,,,,,
770,0.9999827146530151,0.875,0.0005766429821960628,0.0005766429821960628,0.0006000000284984708,,,,,,,
771,0.9657269716262817,0.8671875,0.0005766429821960628,0.0005766429821960628,0.0006000000284984708,2.7159156799316406,,,,,,
772,1.0799823999404907,0.859375,0.0005764176021330059,0.0005764176021330059,0.0006000000284984708,,,,,,,
773,0.9955810308456421,0.8671875,0.0005764176021330059,0.0005764176021330059,0.0006000000284984708,2.234306812286377,,,,,,
774,1.00870680809021,0.859375,0.0005761912325397134,0.0005761912325397134,0.0006000000284984708,,,,,,,
775,1.1484932899475098,0.8046875,0.0005761912325397134,0.0005761912325397134,0.0006000000284984708,2.522542715072632,,,,,,
776,0.9909300804138184,0.8671875,0.0005759637570008636,0.0005759637570008636,0.0006000000284984708,,,,,,,
777,0.9449295401573181,0.890625,0.0005759637570008636,0.0005759637570008636,0.0006000000284984708,3.3685483932495117,,,,,,
778,0.9808911085128784,0.8671875,0.0005757352337241173,0.0005757352337241173,0.0006000000284984708,,,,,,,
779,1.034163236618042,0.828125,0.0005757352337241173,0.0005757352337241173,0.0006000000284984708,3.645336389541626,,,,,,
780,1.1612226963043213,0.8046875,0.0005755057209171355,0.0005755057209171355,0.0006000000284984708,,,,,,,
781,1.0673816204071045,0.8671875,0.0005755057209171355,0.0005755057209171355,0.0006000000284984708,4.352634906768799,,,,,,
782,0.9583675861358643,0.9140625,0.0005752751603722572,0.0005752751603722572,0.0006000000284984708,,,,,,,
783,1.0465178489685059,0.859375,0.0005752751603722572,0.0005752751603722572,0.0006000000284984708,2.5991756916046143,,,,,,
784,0.9545366764068604,0.90625,0.0005750435520894825,0.0005750435520894825,0.0006000000284984708,,,,,,,
785,1.0870001316070557,0.8046875,0.0005750435520894825,0.0005750435520894825,0.0006000000284984708,1.9713165760040283,,,,,,
